trial,CID,SID,GID,TID
ES1,7624,7,2465,6860
ES2,7624,7,2465,6861
ES3,7624,7,2465,6862
ES5,7624,7,2465,6864
SA3,7624,7,2465,6822
SA5,7624,7,2465,8284
SA6,7624,7,2465,9269
ES1,7401,9,3881,6860
ES2,7401,9,3881,6861
ES3,7401,9,3881,6862
ES5,7691,50,3895,6864
ES6,7691,50,3895,6865
ES7,7691,50,3895,6866
ES8,7691,50,3895,6867
ES10,7691,50,3895,6869
ES11,7691,50,3895,2982
ES12,7691,50,3895,3034
ES13,7691,50,3895,2838
ES14,7691,50,3895,5431
ES16,7691,50,3895,6806
ES17,7691,50,3895,7510
ES18,7691,50,3895,8281
ES3,7027,5,4248,6862
ES4,7027,5,4248,6863
ES6,7027,5,4248,6865
ES1,56343,13,4570,6860
ES2,56343,13,4570,6861
ES4,56343,13,4570,6863
ES2,7691,43,12867,6861
ES4,7691,43,12867,6863
ES5,7691,43,12867,6864
ES4,7691,16,13098,6863
ES5,7691,16,13098,6864
ES6,7691,16,13098,6865
ES7,7691,16,13098,6866
ES1,7691,18,13119,6860
ES4,7691,18,13119,6863
ES6,7691,18,13119,6865
ES8,7691,18,13119,6867
ES12,7691,18,13119,3034
ES1,7842,4,13302,6860
ES3,7842,4,13302,6862
ES4,7842,4,13302,6863
ES4,7741,7,13396,6863
ES7,7741,7,13396,6866
ES10,7741,7,13396,6869
ES11,7741,7,13396,2982
SA3,7741,7,13396,6822
ES4,7691,65,13421,6863
ES5,7691,65,13421,6864
ES7,7691,65,13421,6866
ES8,7691,65,13421,6867
ES4,7691,47,13469,6863
ES5,7691,47,13469,6864
ES3,7857,8,13569,6862
ES4,7857,8,13569,6863
ES2,7577,4,13728,6861
ES3,7577,4,13728,6862
ES5,7817,6,13954,6864
ES7,7817,6,13954,6866
ES5,7795,6,14103,6864
ES6,7795,6,14103,6865
ES7,7795,6,14103,6866
SA1,7795,6,14103,5428
SA2,7795,6,14103,6437
SA6,7795,6,14103,9269
ES16,2256,3,15200,6806
ES17,2256,3,15200,7510
ES10,8195,5,16004,6869
ES11,8195,5,16004,2982
ES12,8195,5,16004,3034
ES22,8195,5,16004,13539
ES24,8195,5,16004,16449
ES26,8195,5,16004,40007
ES10,7866,493,16069,6869
ES11,7866,493,16069,2982
ES9,7896,254,16122,6868
ES10,7896,254,16122,6869
ES11,7896,254,16122,2982
ES12,7896,254,16122,3034
ES14,7896,254,16122,5431
ES16,7896,254,16122,6806
ES17,7896,254,16122,7510
ES18,7896,254,16122,8281
ES20,7896,254,16122,10553
ES3,7799,11,16262,6862
ES4,7799,11,16262,6863
ES9,7739,290,19630,6868
ES11,7739,290,19630,2982
ES12,7739,290,19630,3034
SA7,7151,12,24744,10556
SA8,7151,12,24744,12010
SA9,7151,12,24744,13892
SA10,7151,12,24744,14993
SA12,7151,12,24744,17310
SA13,7151,12,24744,18235
SA14,7151,12,24744,18644
SA15,7151,12,24744,18998
SA16,7151,12,24744,19373
SA17,7151,12,24744,19658
SA18,7151,12,24744,19373
ES5,7799,18,24825,6864
ES6,7799,18,24825,6865
ES5,7090,5,27001,6864
ES10,7090,5,27001,6869
ES11,7090,5,27001,2982
ES12,7090,5,27001,3034
ES13,7090,5,27001,2838
ES10,7507,14,30977,6869
ES11,7507,14,30977,2982
SA12,8945,11,31096,17310
SA13,8945,11,31096,18235
SA16,8945,11,31096,19373
SA18,8945,11,31096,19373
ES2,7479,9,39359,6861
ES4,7479,9,39359,6863
ES10,7822,9,41233,6869
ES11,7822,9,41233,2982
ES10,7507,8,41243,6869
ES11,7507,8,41243,2982
ES10,7737,8,41249,6869
ES11,7737,8,41249,2982
ES11,7666,15,41263,2982
ES13,7666,15,41263,2838
ES15,7666,15,41263,6435
ES8,7896,10,41471,6867
ES9,7896,10,41471,6868
ES3,7776,11,41542,6862
ES13,7776,11,41542,2838
ES11,7847,11,41761,2982
ES13,7847,11,41761,2838
ES12,7507,12,41804,3034
ES13,7507,12,41804,2838
ES12,8890,34,41948,3034
ES14,8890,34,41948,5431
SA2,8890,34,41948,6437
ES10,7890,6,42012,6869
ES11,7890,6,42012,2982
ES8,7655,8,42076,6867
ES9,7655,8,42076,6868
ES10,7655,8,42076,6869
ES11,7655,8,42076,2982
ES12,7847,9,42174,3034
SA2,7847,9,42174,6437
ES9,8946,6,42274,6868
ES13,8946,6,42274,2838
ES14,8946,6,42274,5431
SA1,8946,6,42274,5428
SA2,8946,6,42274,6437
SA3,8946,6,42274,6822
SA4,8946,6,42274,7509
ES10,8232,8,42644,6869
ES11,8232,8,42644,2982
ES13,7896,33,62221,2838
ES14,7896,33,62221,5431
ES10,8238,4,62235,6869
ES11,8238,4,62235,2982
ES11,7896,35,62256,2982
ES13,7896,35,62256,2838
ES14,8109,206,62526,5431
ES15,8109,206,62526,6435
ES17,8109,206,62526,7510
ES18,8109,206,62526,8281
ES4,8122,4,62576,6863
ES7,8122,4,62576,6866
ES8,8109,14,64873,6867
ES16,8109,14,64873,6806
ES14,22781,26,65315,5431
ES16,22781,26,65315,6806
ES19,22781,26,65315,9267
SA5,7506,46,66363,8284
SA7,7506,46,66363,10556
SA2,8182,19,66369,6437
SA4,8182,19,66369,7509
ES12,21650,7,67055,3034
ES13,21650,7,67055,2838
ES3,7414,7,67929,6862
ES4,7414,7,67929,6863
ES12,9368,26,68052,3034
ES13,9368,26,68052,2838
ES14,21658,13,68460,5431
SA4,21658,13,68460,7509
ES12,7666,11,70761,3034
ES13,7666,11,70761,2838
ES12,53328,5,76718,3034
ES15,53328,5,76718,6435
ES16,53328,5,76718,6806
ES12,8890,25,77128,3034
ES13,8890,25,77128,2838
ES17,8890,25,77128,7510
ES13,9329,13,77534,2838
ES15,9329,13,77534,6435
ES16,9329,13,77534,6806
ES19,9329,13,77534,9267
ES13,8889,48,77587,2838
ES14,8889,48,77587,5431
SA1,21616,26,82480,5428
SA4,21616,26,82480,7509
ES16,9292,8,82710,6806
SA3,9292,8,82710,6822
ES15,8686,21,85587,6435
ES18,8686,21,85587,8281
SA4,8686,21,85587,7509
ES15,8686,1030,85599,6435
ES16,8686,1030,85599,6806
ES18,8686,1030,85599,8281
ES14,8703,41,85637,5431
ES16,8703,41,85637,6806
ES17,8703,41,85637,7510
ES14,21243,47,85685,5431
ES15,21243,47,85685,6435
SA3,9370,5,85861,6822
SA4,9370,5,85861,7509
SA6,9370,5,85861,9269
ES15,20570,827,85888,6435
ES16,20570,827,85888,6806
ES17,20570,827,85888,7510
SA3,19652,474,86005,6822
SA5,19652,474,86005,8284
ES10,8176,7,86185,6869
ES11,8176,7,86185,2982
ES9,7866,24,86230,6868
ES10,7866,24,86230,6869
ES10,53292,49,86355,6869
ES11,53292,49,86355,2982
ES10,8100,11,86437,6869
ES11,8100,11,86437,2982
ES13,8120,7,86490,2838
ES14,8120,7,86490,5431
SA1,8703,14,88522,5428
SA2,8703,14,88522,6437
SA4,8703,14,88522,7509
SA2,21425,36,88623,6437
SA3,21425,36,88623,6822
SA2,20581,85,88639,6437
SA3,20581,85,88639,6822
ES12,21653,7,89242,3034
ES13,21653,7,89242,2838
ES3,7691,166,92207,6862
ES4,7691,166,92207,6863
ES5,7691,166,92207,6864
ES7,7691,166,92207,6866
ES8,8125,5,96413,6867
ES9,8125,5,96413,6868
ES15,8562,411,96501,6435
SA4,8562,411,96501,7509
ES13,7896,27,96638,2838
ES14,7896,27,96638,5431
SA3,95758,12,109278,6822
SA4,95758,12,109278,7509
SA5,95758,12,109278,8284
SA6,95758,12,109278,9269
SA7,95758,12,109278,10556
SA8,95758,12,109278,12010
SA9,95758,12,109278,13892
SA10,95758,12,109278,14993
SA13,95758,12,109278,18235
SA14,95758,12,109278,18644
SA15,95758,12,109278,18998
SA16,95758,12,109278,19373
SA17,95758,12,109278,19658
SA18,95758,12,109278,19373
SA19,95758,12,109278,120235
SA20,95758,12,109278,120529
SA21,95758,12,109278,42581
SA3,17361,378,144638,6822
SA6,17361,378,144638,9269
SA7,17361,378,144638,10556
SA3,20646,504,144826,6822
SA6,20646,504,144826,9269
SA3,8626,44,144862,6822
SA4,8626,44,144862,7509
ES17,111987,12,167864,7510
ES18,111987,12,167864,8281
ES18,20894,93,168928,8281
ES19,20894,93,168928,9267
ES20,20894,93,168928,10553
ES17,38339,167,168979,7510
SA4,38339,167,168979,7509
SA1,7847,32,170040,5428
SA4,7847,32,170040,7509
SA3,21642,33,170077,6822
SA4,21642,33,170077,7509
SA8,24762,30,197187,12010
SA10,24762,30,197187,14993
SA13,24762,30,197187,18235
SA14,24762,30,197187,18644
SA15,24762,30,197187,18998
SA16,24762,30,197187,19373
SA17,24762,30,197187,19658
SA18,24762,30,197187,19373
SA21,24762,30,197187,42581
ES16,65950,13,214589,6806
ES19,65950,13,214589,9267
ES20,65950,13,214589,10553
ES20,65968,22,217385,10553
SA7,65968,22,217385,10556
ES17,162515,1,217743,7510
ES18,162515,1,217743,8281
ES19,162515,1,217743,9267
ES22,162515,1,217743,13539
ES24,162515,1,217743,16449
ES18,7896,281,217748,8281
ES19,7896,281,217748,9267
ES22,7896,281,217748,13539
SA1,21264,52,222360,5428
SA4,21264,52,222360,7509
SA3,17361,372,222371,6822
SA4,17361,372,222371,7509
SA3,8642,219,222478,6822
SA4,8642,219,222478,7509
SA4,54408,65,222492,7509
SA5,54408,65,222492,8284
SA5,9329,40,268825,8284
SA6,9329,40,268825,9269
SA7,9329,40,268825,10556
SA8,9329,40,268825,12010
SA5,20894,502,268836,8284
SA7,20894,502,268836,10556
SA4,8890,213,268922,7509
SA5,8890,213,268922,8284
SA6,8890,213,268922,9269
SA7,8890,213,268922,10556
SA5,21264,56,270518,8284
SA6,21264,56,270518,9269
SA3,8182,34,271590,6822
SA5,8182,34,271590,8284
ES17,65211,170,292703,7510
ES19,65211,170,292703,9267
ES19,65211,167,292717,9267
ES20,65211,167,292717,10553
ES18,13918,160,294670,8281
ES19,13918,160,294670,9267
ES17,25787,46,294745,7510
ES18,25787,46,294745,8281
ES19,65216,182,295091,9267
ES20,65216,182,295091,10553
ES17,63222,171,295146,7510
ES19,63222,171,295146,9267
ES20,63222,171,295146,10553
ES21,63222,171,295146,12008
ES17,25640,6,295190,7510
ES22,25640,6,295190,13539
ES19,274782,4,295788,9267
ES22,274782,4,295788,13539
SA4,9329,41,297260,7509
SA6,9329,41,297260,9269
ES1,61665,1,304660,6860
ES2,61665,1,304660,6861
ES3,61665,1,304660,6862
ES4,61665,1,304660,6863
ES5,61665,1,304660,6864
ES6,61665,1,304660,6865
ES7,61665,1,304660,6866
ES8,61665,1,304660,6867
ES9,61665,1,304660,6868
ES10,61665,1,304660,6869
ES11,61665,1,304660,2982
ES12,61665,1,304660,3034
ES13,61665,1,304660,2838
ES14,61665,1,304660,5431
ES15,61665,1,304660,6435
ES16,61665,1,304660,6806
ES17,61665,1,304660,7510
ES18,61665,1,304660,8281
ES19,61665,1,304660,9267
ES20,61665,1,304660,10553
ES21,61665,1,304660,12008
ES22,61665,1,304660,13539
ES23,61665,1,304660,14991
ES24,61665,1,304660,16449
ES25,61665,1,304660,17309
ES26,61665,1,304660,40007
ES27,61665,1,304660,40205
ES28,61665,1,304660,40420
ES29,61665,1,304660,40590
ES30,61665,1,304660,40807
ES31,61665,1,304660,41098
ES32,61665,1,304660,41481
ES33,61665,1,304660,41928
ES34,61665,1,304660,42576
ES35,61665,1,304660,43890
ES36,61665,1,304660,44617
ES37,61665,1,304660,45328
ES38,61665,1,304660,46171
SA1,61665,1,304660,5428
SA2,61665,1,304660,6437
SA3,61665,1,304660,6822
SA4,61665,1,304660,7509
SA5,61665,1,304660,8284
SA6,61665,1,304660,9269
SA7,61665,1,304660,10556
SA8,61665,1,304660,12010
SA9,61665,1,304660,13892
SA10,61665,1,304660,14993
SA11,61665,1,304660,16447
SA12,61665,1,304660,17310
SA13,61665,1,304660,18235
SA14,61665,1,304660,18644
SA15,61665,1,304660,18998
SA16,61665,1,304660,19373
SA17,61665,1,304660,19658
SA18,61665,1,304660,19373
SA19,61665,1,304660,120235
SA20,61665,1,304660,120529
SA21,61665,1,304660,42581
SA22,61665,1,304660,43891
SA23,61665,1,304660,44618
SA24,61665,1,304660,45329
SA25,61665,1,304660,46172
ES19,274818,1,320849,9267
ES22,274818,1,320849,13539
ES19,67613,34,321822,9267
ES20,67613,34,321822,10553
ES19,69587,25,321833,9267
ES20,69587,25,321833,10553
ES19,122462,4,321840,9267
ES20,122462,4,321840,10553
ES19,40887,128,323172,9267
ES20,40887,128,323172,10553
SA5,19715,736,324377,8284
SA7,19715,736,324377,10556
SA5,19715,753,324452,8284
SA7,19715,753,324452,10556
SA5,22957,5,324847,8284
SA7,22957,5,324847,10556
SA6,75517,246,325190,9269
SA7,75517,246,325190,10556
ES20,160593,23,341985,10553
ES21,160593,23,341985,12008
ES22,160593,23,341985,13539
ES19,31155,686,342090,9267
ES20,31155,686,342090,10553
ES21,31155,686,342090,12008
ES19,58955,156,342202,9267
ES20,58955,156,342202,10553
ES21,58955,156,342202,12008
ES19,59245,64,342218,9267
ES21,59245,64,342218,12008
ES19,64990,210,342253,9267
ES20,64990,210,342253,10553
ES21,64990,210,342253,12008
ES19,65178,248,342263,9267
ES21,65178,248,342263,12008
ES18,65211,176,342294,8281
ES19,65211,176,342294,9267
ES18,65217,164,342325,8281
ES19,65217,164,342325,9267
ES20,65217,164,342325,10553
ES21,65217,164,342325,12008
SA5,54005,198,346047,8284
SA6,54005,198,346047,9269
SA7,54005,198,346047,10556
SA8,54005,198,346047,12010
SA6,8648,10,346095,9269
SA7,8648,10,346095,10556
SA6,14185,136,346189,9269
SA7,14185,136,346189,10556
SA8,14185,136,346189,12010
SA9,14185,136,346189,13892
SA5,14284,125,346200,8284
SA6,14284,125,346200,9269
SA7,14284,125,346200,10556
SA5,15866,174,346247,8284
SA6,15866,174,346247,9269
SA6,48666,52,346413,9269
SA8,48666,52,346413,12010
SA6,54005,193,346421,9269
SA7,54005,193,346421,10556
SA8,54005,193,346421,12010
SA9,54005,193,346421,13892
SA10,54005,193,346421,14993
ES20,160593,17,358060,10553
ES21,160593,17,358060,12008
SA7,8548,482,358192,10556
SA8,8548,482,358192,12010
ES19,122456,3,358886,9267
ES20,122456,3,358886,10553
ES20,61614,92,368747,10553
SA7,61614,92,368747,10556
ES19,59245,63,369564,9267
ES20,59245,63,369564,10553
ES21,59245,63,369564,12008
ES18,26944,30,369673,8281
ES19,26944,30,369673,9267
ES20,26944,30,369673,10553
ES19,65211,187,369682,9267
ES20,65211,187,369682,10553
ES20,122467,76,376718,10553
ES21,122467,76,376718,12008
ES21,334609,1,376804,12008
ES22,334609,1,376804,13539
ES18,14417,226,377191,8281
ES19,14417,226,377191,9267
ES19,122459,4,390604,9267
ES20,122459,4,390604,10553
ES20,251774,1,391994,10553
ES21,251774,1,391994,12008
ES22,251774,1,391994,13539
ES18,164857,1,392036,8281
ES23,164857,1,392036,14991
ES19,122462,3,393205,9267
ES20,122462,3,393205,10553
ES21,122462,3,393205,12008
ES1,7027,16,412444,6860
ES2,7027,16,412444,6861
ES2,7414,71,414940,6861
ES4,7414,71,414940,6863
ES1,7580,7,418271,6860
ES2,7580,7,418271,6861
ES12,7666,23,419150,3034
ES13,7666,23,419150,2838
ES12,7666,21,419152,3034
ES13,7666,21,419152,2838
ES3,7673,65,419525,6862
ES4,7673,65,419525,6863
ES6,7691,258,421064,6865
ES7,7691,258,421064,6866
ES10,7707,6,421330,6869
ES11,7707,6,421330,2982
ES2,7714,16,421340,6861
ES3,7714,16,421340,6862
ES4,7776,31,422181,6863
ES5,7776,31,422181,6864
ES3,7877,29,424689,6862
ES4,7877,29,424689,6863
ES9,8086,6,429168,6868
ES10,8086,6,429168,6869
ES10,8105,13,430179,6869
ES11,8105,13,430179,2982
ES12,8105,24,430390,3034
ES13,8105,24,430390,2838
ES12,8193,40,433924,3034
ES13,8193,40,433924,2838
SA8,8198,10,434116,12010
SA9,8198,10,434116,13892
ES14,8626,465,447647,5431
ES15,8626,465,447647,6435
ES16,8626,465,447647,6806
ES17,8626,465,447647,7510
SA4,8626,465,447647,7509
SA6,8626,465,447647,9269
SA7,8626,465,447647,10556
SA8,8626,465,447647,12010
SA11,8626,465,447647,16447
ES18,8890,1518,458835,8281
ES23,8890,1518,458835,14991
ES3,9068,2264,464211,6862
ES4,9068,2264,464211,6863
SA7,20756,77,639377,10556
SA8,20756,77,639377,12010
SA1,24762,29,684967,5428
SA3,24762,29,684967,6822
SA4,24762,29,684967,7509
SA5,24762,29,684967,8284
SA6,24762,29,684967,9269
SA9,24762,29,684967,13892
SA12,24762,29,684967,17310
ES18,31046,471,741166,8281
SA5,31046,471,741166,8284
SA7,38340,171,770263,10556
SA8,38340,171,770263,12010
ES20,43379,332,835884,10553
ES21,43379,332,835884,12008
SA7,48604,45,855485,10556
SA8,48604,45,855485,12010
SA9,48666,133,860216,13892
SA10,48666,133,860216,14993
SA8,48666,124,860243,12010
SA9,48666,124,860243,13892
SA5,52645,26,902339,8284
SA7,52645,26,902339,10556
SA6,54002,309,909857,9269
SA8,54002,309,909857,12010
ES20,59406,134,934019,10553
ES21,59406,134,934019,12008
ES20,61368,190,984151,10553
SA7,61368,190,984151,10556
ES19,64853,397,1047493,9267
ES20,64853,397,1047493,10553
ES19,69933,111,1101307,9267
ES20,69933,111,1101307,10553
SA9,72726,531,1118888,13892
SA10,72726,531,1118888,14993
ES19,73509,48,1127595,9267
ES20,73509,48,1127595,10553
ES21,73509,48,1127595,12008
SA7,84245,114,1227344,10556
SA8,84245,114,1227344,12010
ES22,90670,90,1290414,13539
ES23,90670,90,1290414,14991
ES22,91288,76,1302304,13539
ES23,91288,76,1302304,14991
ES22,92624,332,1342417,13539
ES23,92624,332,1342417,14991
ES22,98843,61,1390242,13539
ES23,98843,61,1390242,14991
ES22,99189,99,1393230,13539
ES23,99189,99,1393230,14991
ES24,101189,110,1399978,16449
ES26,101189,110,1399978,40007
ES21,103028,28,1410845,12008
ES22,103028,28,1410845,13539
ES4,111681,7,1477994,6863
ES5,111681,7,1477994,6864
ES18,113388,5,1491661,8281
ES21,113388,5,1491661,12008
ES22,113388,5,1491661,13539
ES23,113388,5,1491661,14991
ES24,113388,5,1491661,16449
ES26,113388,5,1491661,40007
SA5,113708,26,1493157,8284
SA7,113708,26,1493157,10556
ES23,118879,206,1507248,14991
ES24,118879,206,1507248,16449
ES22,120854,182,1541045,13539
ES24,120854,182,1541045,16449
ES22,120854,180,1541049,13539
ES23,120854,180,1541049,14991
ES19,122461,6,1563730,9267
ES20,122461,6,1563730,10553
ES23,133428,104,1635496,14991
ES24,133428,104,1635496,16449
ES24,134029,124,1649008,16449
ES25,134029,124,1649008,17309
ES23,135029,254,1671946,14991
ES24,135029,254,1671946,16449
SA5,140731,33,1706327,8284
SA7,140731,33,1706327,10556
SA8,160341,67,1815633,12010
SA9,160341,67,1815633,13892
ES18,162538,3,1831374,8281
ES20,162538,3,1831374,10553
SA5,7589,86,1987914,8284
SA7,7589,86,1987914,10556
SA8,7589,86,1987914,12010
SA12,7589,86,1987914,17310
SA13,7589,86,1987914,18235
SA14,7589,86,1987914,18644
SA15,7589,86,1987914,18998
SA21,7589,86,1987914,42581
SA5,206668,6,1995922,8284
SA7,206668,6,1995922,10556
ES22,207934,221,2011449,13539
ES23,207934,221,2011449,14991
ES3,254741,5,2099196,6862
ES4,254741,5,2099196,6863
ES25,281478,19,2201664,17309
ES26,281478,19,2201664,40007
SA9,289279,51,2243654,13892
SA10,289279,51,2243654,14993
ES18,8890,1549,2430154,8281
ES21,8890,1549,2430154,12008
ES22,8890,1549,2430154,13539
ES23,8890,1549,2430154,14991
ES26,8890,1549,2430154,40007
ES27,8890,1549,2430154,40205
ES28,8890,1549,2430154,40420
ES29,8890,1549,2430154,40590
ES30,8890,1549,2430154,40807
ES31,8890,1549,2430154,41098
ES32,8890,1549,2430154,41481
ES33,8890,1549,2430154,41928
ES34,8890,1549,2430154,42576
SA8,8890,1549,2430154,12010
SA11,8890,1549,2430154,16447
SA12,8890,1549,2430154,17310
SA13,8890,1549,2430154,18235
SA14,8890,1549,2430154,18644
SA15,8890,1549,2430154,18998
ES22,287525,32,2448313,13539
ES23,287525,32,2448313,14991
SA9,287525,32,2448313,13892
SA10,287525,32,2448313,14993
ES23,260140,83,2448314,14991
SA9,260140,83,2448314,13892
SA10,260140,83,2448314,14993
ES22,260140,84,2448315,13539
SA9,260140,84,2448315,13892
ES25,20589,58,2450184,17309
ES26,20589,58,2450184,40007
ES22,114906,205,2464236,13539
ES23,114906,205,2464236,14991
ES24,206941,157,2484301,16449
ES25,206941,157,2484301,17309
ES26,206941,157,2484301,40007
ES25,210539,110,2487807,17309
ES26,210539,110,2487807,40007
ES23,114906,319,2588632,14991
ES24,114906,319,2588632,16449
ES22,384555,1,2668073,13539
ES23,384555,1,2668073,14991
ES24,384555,1,2668073,16449
ES25,384555,1,2668073,17309
ES26,384555,1,2668073,40007
SA10,287530,49,2673154,14993
SA11,287530,49,2673154,16447
SA11,120770,946,3574435,16447
SA12,120770,946,3574435,17310
SA10,158452,134,3616959,14993
SA11,158452,134,3616959,16447
ES24,160278,68,3617481,16449
ES26,160278,68,3617481,40007
ES27,160278,68,3617481,40205
ES28,160278,68,3617481,40420
SA10,209899,73,3630905,14993
SA11,209899,73,3630905,16447
SA10,209917,85,3630914,14993
SA11,209917,85,3630914,16447
SA10,313200,45,3686333,14993
SA11,313200,45,3686333,16447
ES27,417450,1,3820458,40205
ES28,417450,1,3820458,40420
ES24,320356,163,3822784,16449
ES29,320356,163,3822784,40590
ES30,320356,163,3822784,40807
ES31,320356,163,3822784,41098
ES32,320356,163,3822784,41481
ES33,320356,163,3822784,41928
ES34,320356,163,3822784,42576
ES35,320356,163,3822784,43890
ES36,320356,163,3822784,44617
SA11,320356,163,3822784,16447
SA11,306489,212,3822952,16447
SA12,306489,212,3822952,17310
ES27,425470,1,3822974,40205
ES28,425470,1,3822974,40420
ES25,304373,72,3827748,17309
ES26,304373,72,3827748,40007
ES25,301830,48,3827757,17309
ES26,301830,48,3827757,40007
ES25,279807,53,3827768,17309
SA11,279807,53,3827768,16447
ES25,257058,29,3830032,17309
ES26,257058,29,3830032,40007
ES25,206924,125,3830034,17309
ES26,206924,125,3830034,40007
ES25,302322,59,3830068,17309
ES26,302322,59,3830068,40007
ES25,207985,132,3830198,17309
ES26,207985,132,3830198,40007
SA11,279807,61,3855011,16447
SA12,279807,61,3855011,17310
SA16,279807,61,3855011,19373
SA17,279807,61,3855011,19658
SA18,279807,61,3855011,19373
SA19,279807,61,3855011,120235
SA20,279807,61,3855011,120529
SA11,279826,68,3855122,16447
SA12,279826,68,3855122,17310
SA22,320358,57,3872194,43891
SA23,320358,57,3872194,44618
SA24,320358,57,3872194,45329
ES24,67613,97,4057141,16449
ES26,67613,97,4057141,40007
ES28,343585,63,4755014,40420
ES35,343585,63,4755014,43890
ES36,343585,63,4755014,44617
ES28,361684,201,4763834,40420
ES31,361684,201,4763834,41098
ES27,420703,30,4905617,40205
ES29,420703,30,4905617,40590
ES32,420703,30,4905617,41481
SA16,422247,36,4906328,19373
SA18,422247,36,4906328,19373
SA16,454533,370,4948491,19373
SA18,454533,370,4948491,19373
SA5,39361,403,4970584,8284
SA7,39361,403,4970584,10556
SA16,306489,341,5174606,19373
SA17,306489,341,5174606,19658
SA18,306489,341,5174606,19373
SA16,428648,78,5342983,19373
SA18,428648,78,5342983,19373
SA16,428603,31,5343204,19373
SA18,428603,31,5343204,19373
SA16,428603,29,5343206,19373
SA18,428603,29,5343206,19373
SA16,428600,40,5343245,19373
SA18,428600,40,5343245,19373
SA16,428589,38,5343379,19373
SA18,428589,38,5343379,19373
SA16,428553,130,5343410,19373
SA18,428553,130,5343410,19373
SA16,426091,36,5344030,19373
SA18,426091,36,5344030,19373
SA16,425892,39,5344309,19373
SA18,425892,39,5344309,19373
SA16,425889,42,5344321,19373
SA18,425889,42,5344321,19373
SA16,425873,61,5344385,19373
SA18,425873,61,5344385,19373
SA16,425873,59,5344387,19373
SA18,425873,59,5344387,19373
SA16,425852,45,5344429,19373
SA18,425852,45,5344429,19373
SA16,425852,42,5344432,19373
SA18,425852,42,5344432,19373
SA16,425817,62,5344449,19373
SA18,425817,62,5344449,19373
SA16,423283,96,5344898,19373
SA18,423283,96,5344898,19373
SA16,423283,86,5344908,19373
SA18,423283,86,5344908,19373
SA16,423249,54,5344976,19373
SA18,423249,54,5344976,19373
SA16,423191,42,5345109,19373
SA18,423191,42,5345109,19373
SA16,423186,34,5345116,19373
SA18,423186,34,5345116,19373
SA16,423186,30,5345120,19373
SA18,423186,30,5345120,19373
SA16,423185,24,5345121,19373
SA18,423185,24,5345121,19373
SA16,414559,29,5345783,19373
SA18,414559,29,5345783,19373
SA16,411101,55,5345899,19373
SA18,411101,55,5345899,19373
SA16,411101,52,5345902,19373
SA18,411101,52,5345902,19373
SA16,394715,144,5347445,19373
SA18,394715,144,5347445,19373
SA16,394699,40,5347450,19373
SA18,394699,40,5347450,19373
ES29,459355,73,5390612,40590
ES30,459355,73,5390612,40807
ES34,459355,73,5390612,42576
SA22,459355,73,5390612,43891
ES29,448408,124,5398190,40590
ES30,448408,124,5398190,40807
ES29,448402,63,5398434,40590
ES30,448402,63,5398434,40807
ES30,448400,62,5398530,40807
ES31,448400,62,5398530,41098
ES32,448400,62,5398530,41481
ES33,448400,62,5398530,41928
ES34,448400,62,5398530,42576
ES35,448400,62,5398530,43890
SA16,373182,235,5421764,19373
SA18,373182,235,5421764,19373
SA16,386097,154,5421959,19373
SA18,386097,154,5421959,19373
SA16,386344,133,5422046,19373
SA18,386344,133,5422046,19373
SA17,473251,30,5435924,19658
SA19,473251,30,5435924,120235
SA20,473251,30,5435924,120529
SA16,394070,111,5636557,19373
SA18,394070,111,5636557,19373
SA16,366109,125,5636560,19373
SA18,366109,125,5636560,19373
SA19,506830,99,6001014,120235
SA20,506830,99,6001014,120529
SA19,496096,39,6001673,120235
SA20,496096,39,6001673,120529
SA19,496096,41,6001675,120235
SA20,496096,41,6001675,120529
SA21,520212,13,6174860,42581
SA24,520212,13,6174860,45329
ES33,520227,46,6174889,41928
SA21,520227,46,6174889,42581
ES34,520792,37,6175067,42576
SA21,520792,37,6175067,42581
SA21,516634,45,6176225,42581
SA24,516634,45,6176225,45329
SA25,516634,45,6176225,46172
ES33,516682,16,6176334,41928
SA21,516682,16,6176334,42581
ES34,516702,40,6176368,42576
ES37,516702,40,6176368,45328
ES38,516702,40,6176368,46171
ES33,516641,62,6179255,41928
SA21,516641,62,6179255,42581
ES34,524381,89,6332122,42576
ES37,524381,89,6332122,45328
ES34,524510,63,6333158,42576
SA22,524510,63,6333158,43891
SA23,524510,63,6333158,44618
ES34,525424,84,6341870,42576
ES37,525424,84,6341870,45328
ES38,525424,84,6341870,46171
SA21,534026,212,6624418,42581
SA24,534026,212,6624418,45329
SA22,537240,51,6683244,43891
SA25,537240,51,6683244,46172
SA22,536958,48,6684042,43891
SA25,536958,48,6684042,46172
ES36,557028,13,6933502,44617
ES38,557028,13,6933502,46171
ES35,414815,163,7213309,43890
ES36,414815,163,7213309,44617
ES4,6831,33,775,6863
ES8,7593,18,2166,6867
ES14,7593,5,2167,5431
SA1,7624,0,2457,5428
SA7,709,1,3400,10556
ES3,7691,1,3889,6862
ES2,7691,33,5131,6861
ES7,6977,3,6387,6866
ES10,7799,0,12961,6869
ES7,7691,39,13350,6866
ES1,7691,10,13646,6860
ES6,7506,5,13662,6865
ES3,7676,13,13767,6862
ES3,7027,23,14431,6862
ES12,5458,1,15292,3034
SA1,2565,3,16170,5428
ES8,7739,4,19627,6867
ES13,7739,6,20010,2838
ES4,7691,85,20424,6863
ES16,558,1,20585,6806
ES7,7114,4,20934,6866
ES1,7668,6,24314,6860
ES8,50955,8,30374,6867
ES19,1382,1,30709,9267
ES7,23190,4,31089,6866
SA1,9329,6,41372,5428
ES7,7866,42,41418,6866
ES9,8050,9,41484,6868
ES12,7506,15,41660,3034
ES11,8186,24,41669,2982
ES7,7819,7,41686,6866
ES10,7817,13,41700,6869
ES7,50799,65,41709,6866
ES6,7506,19,41750,6865
ES5,8918,5,41800,6864
SA2,8041,6,41830,6437
ES11,8198,5,42066,2982
ES7,7506,17,42083,6866
ES7,7832,11,42158,6866
ES12,8199,6,42237,3034
ES9,7655,12,43154,6868
ES12,9346,8,43789,3034
ES12,7847,7,62114,3034
ES8,7896,18,62150,6867
SA1,8456,11,62427,5428
ES9,7689,10,62587,6868
ES14,8130,5,62603,5431
ES11,9704,7,62627,2982
ES15,8890,11,62633,6435
ES9,7896,12,64869,6868
ES14,8105,92,65038,5431
ES6,7624,33,65504,6865
SA2,21642,13,66925,6437
SA3,7414,205,72533,6822
ES12,8207,8,77205,3034
ES15,58904,6,77230,6435
ES15,58905,6,77246,6435
ES15,58908,6,77310,6435
ES15,58910,11,77331,6435
SA3,9329,15,77500,6822
ES16,72392,0,78690,6806
ES10,8170,5,79693,6869
SA1,21459,29,80496,5428
ES12,9335,15,80506,3034
SA4,8145,7,80512,7509
SA1,9317,7,80559,5428
ES16,9339,19,80662,6806
ES15,8654,5,80836,6435
ES6,9047,12,82844,6865
ES13,8890,30,83123,2838
SA4,7931,11,85138,7509
ES15,21658,56,85244,6435
ES13,8238,5,85331,2838
ES15,8105,41,85465,6435
ES14,8703,67,85646,5431
ES15,20570,303,85676,6435
ES15,20573,742,85711,6435
ES15,20679,536,85741,6435
ES15,54395,6,85786,6435
SA3,8216,9,85852,6822
SA4,21248,8,85897,7509
ES15,21248,14,85899,6435
ES9,53179,6,86162,6868
ES10,8169,5,86180,6869
ES8,9022,7,86394,6867
ES10,9704,5,86582,6869
ES15,72351,12,86783,6435
ES9,7866,52,86954,6868
ES16,8890,5,87107,6806
ES8,8127,5,87507,6867
SA1,8451,7,88208,5428
SA2,20570,583,88404,6437
SA2,8564,303,88412,6437
SA3,8703,92,88418,6822
SA2,8703,22,88425,6437
SA2,20646,287,88436,6437
SA2,21353,90,88442,6437
SA2,9319,5,88448,6437
SA2,54408,22,88470,6437
SA4,8785,39,88498,7509
SA2,8568,47,88509,6437
SA2,23371,119,88517,6437
SA2,20569,606,88552,6437
SA2,20570,301,88560,6437
SA2,20570,549,88568,6437
SA4,19277,704,88579,7509
SA2,19277,676,88584,6437
SA2,20593,321,88598,6437
SA4,20573,743,88606,7509
SA2,20562,14,88631,6437
SA2,20581,83,88650,6437
SA2,20614,226,88658,6437
SA2,17361,230,88666,6437
SA2,17361,224,88674,6437
SA2,20644,182,88682,6437
SA2,20199,297,88701,6437
SA2,20894,54,88710,6437
SA2,8216,14,88715,6437
SA2,25646,4,88719,6437
ES15,8706,6,88809,6435
ES12,21659,4,89491,3034
ES14,21594,182,89762,5431
ES16,21633,32,96458,6806
ES15,8105,50,96495,6435
ES7,7691,100,96619,6866
ES11,8120,14,97120,2982
ES15,8520,78,97127,6435
SA2,8235,16,97474,6437
ES9,8310,31,97487,6868
ES16,95644,0,103122,6806
ES15,8107,28,106657,6435
ES15,8195,33,106844,6435
ES14,22783,29,106875,5431
ES14,20187,164,107017,5431
ES15,38339,178,107052,6435
ES15,38340,120,107059,6435
ES15,38358,140,107086,6435
ES15,38377,133,107103,6435
ES16,95757,7,107131,6806
ES15,19652,40,108014,6435
ES14,8626,12,126114,5431
SA3,113564,0,126306,6822
ES16,113566,0,126308,6806
ES16,113567,0,126309,6806
SA6,111989,4,128567,9269
SA3,122505,-1,128843,6822
SA3,95668,1,130092,6822
ES16,21597,476,130562,6806
ES7,7691,260,133128,6866
SA3,23371,5,143009,6822
SA3,19715,376,143017,6822
ES16,27324,43,143023,6806
ES18,31155,71,143050,8281
ES17,48579,21,143058,7510
ES16,65866,5,143067,6806
ES16,19652,451,143808,6806
ES16,19652,455,143844,6806
ES13,8109,82,143989,2838
SA3,23371,136,144543,6822
SA3,8626,42,144554,6822
SA3,20569,835,144568,6822
SA3,19277,1093,144612,6822
SA3,19811,1061,144656,6822
ES14,8626,14,144880,5431
ES17,19923,186,168060,7510
ES15,20187,163,168154,6435
ES18,38358,124,168524,8281
ES17,122665,6,168614,7510
ES16,53328,23,168912,6806
ES16,20894,92,168924,6806
ES16,20894,99,168939,6806
ES18,11919,10,168945,8281
ES16,8109,94,169164,6806
SA4,8656,152,169387,7509
SA3,21172,29,170023,6822
SA4,8564,362,170046,7509
SA4,20894,104,170062,7509
SA4,19277,1094,170091,7509
ES17,53353,512,170744,7510
SA5,54002,169,170752,8284
ES15,21597,194,170862,6435
SA6,24762,3,197185,9269
ES16,8832,31,217451,6806
ES16,8832,27,217562,6806
ES17,4637,1,217726,7510
ES17,87565,1,217745,7510
ES18,84629,2,217754,8281
ES17,165960,4,217777,7510
ES18,31155,187,218554,8281
SA5,54002,170,218678,8284
ES17,49437,103,218794,7510
ES16,95648,1,220384,6806
ES16,94872,2,220399,6806
SA3,8664,10,222344,6822
SA4,26644,36,222353,7509
SA4,8814,111,222375,7509
SA4,8792,30,222379,7509
SA4,38529,142,222391,7509
SA4,38540,68,222397,7509
SA4,38576,71,222403,7509
SA4,38599,48,222409,7509
SA4,68814,155,222415,7509
ES6,7506,21,222439,6865
SA4,20614,355,222445,7509
SA4,28263,29,222459,7509
ES15,20569,586,222490,6435
SA4,38584,135,222508,7509
SA4,20072,57,222521,7509
SA4,8889,95,222531,7509
SA4,38536,30,222552,7509
SA3,20573,1003,222567,6822
SA1,8668,22,222586,5428
SA4,38350,65,222606,7509
ES19,4746,1,222693,9267
SA6,20894,501,268832,9269
ES19,48041,117,269000,9267
SA5,20573,1019,270393,8284
SA5,18961,420,270402,8284
SA5,26935,243,270406,8284
SA5,18974,75,270428,8284
SA5,38523,21,270453,8284
SA5,30956,341,270463,8284
SA3,20646,506,270484,6822
SA5,14005,74,270559,8284
SA5,20894,504,270624,8284
SA5,54002,243,270639,8284
SA11,88241,1,270673,16447
SA5,17393,628,271579,8284
ES17,65198,166,292907,7510
ES18,31155,88,294614,8281
ES18,14143,179,294705,8281
ES18,14189,326,294724,8281
ES18,49432,109,294818,8281
ES17,49432,91,294834,7510
ES18,49434,555,294881,8281
ES18,49434,556,294897,8281
ES18,65192,177,294910,8281
ES18,65203,177,294940,8281
ES20,65211,172,295026,10553
ES22,25640,14,295191,13539
ES16,65989,12,295261,6806
ES19,274807,1,295296,9267
SA7,19715,735,297223,10556
SA7,8420,14,297258,10556
ES4,6225,61,304136,6863
ES2,7479,12,305029,6861
ES16,19923,198,321131,6806
ES17,26944,24,321397,7510
ES17,48494,23,321487,7510
ES22,65970,5,321614,13539
SA5,19007,269,324715,8284
SA4,21353,92,324966,7509
SA6,31046,711,325168,9269
SA6,48445,155,325179,9269
ES17,122672,83,326413,7510
ES19,63500,165,342231,9267
ES18,65211,175,342284,8281
ES19,67297,23,342336,9267
ES19,73509,49,342374,9267
ES19,71635,134,343215,9267
ES4,7589,7,345434,6863
SA1,8631,17,345692,5428
ES2,7136,34,346013,6861
SA6,20558,46,346148,9269
SA6,20576,154,346153,9269
SA6,19811,1149,346168,9269
SA6,14345,182,346212,9269
SA6,14367,135,346227,9269
SA6,30956,378,346260,9269
SA6,44091,66,346294,9269
SA6,52429,27,346303,9269
SA6,38599,53,346370,9269
SA6,49395,844,346394,9269
SA6,49447,154,346403,9269
SA6,54010,185,346459,9269
SA6,75495,122,346479,9269
SA6,75517,244,346493,9269
ES19,68815,220,353782,9267
ES19,67706,95,355408,9267
ES19,73509,50,355411,9267
SA6,122671,247,358209,9269
ES20,64955,44,358856,10553
ES19,122455,9,359354,9267
ES20,64990,213,367751,10553
ES20,67706,94,367789,10553
ES21,103133,65,369670,12008
ES20,65178,258,369679,10553
ES21,113868,339,373045,12008
ES21,82998,237,373101,12008
ES7,7691,63,376770,6866
ES21,113390,3,376790,12008
ES20,122452,6,377165,10553
ES19,69587,27,377246,9267
ES19,71636,81,377276,9267
ES26,355542,1,385942,40007
SA6,31046,714,389183,9269
ES18,162500,1,390845,8281
ES18,8704,22,390866,8281
SA6,31046,712,390895,9269
SA7,9370,12,390966,10556
ES21,334608,1,391721,12008
ES18,113590,15,392884,8281
ES18,21321,201,392956,8281
ES18,38339,323,392959,8281
ES17,48609,498,393017,7510
ES20,48484,45,393281,10553
ES20,160593,43,393298,10553
SA7,8349,22,393392,10556
SA7,68951,36,393402,10556
SA7,19927,243,393406,10556
SA7,38340,170,393415,10556
ES1,7027,152,412348,6860
ES1,7027,138,412360,6860
ES2,7027,14,412450,6861
ES17,7090,99,412956,7510
ES6,7136,21,413235,6865
ES1,7161,34,413298,6860
ES2,7161,7,413317,6861
ES2,7414,66,415066,6861
ES2,7414,238,415173,6861
ES5,7423,16,416019,6864
ES1,7435,6,416227,6860
ES4,7479,5,416396,6863
ES1,7528,6,416773,6860
ES6,7580,9,418273,6865
ES1,7580,24,418280,6860
ES2,7589,41,418347,6861
ES3,7589,34,418354,6862
ES1,7631,16,418846,6860
ES1,7631,14,418852,6860
ES1,7668,42,419372,6860
ES2,7668,37,419380,6861
ES1,7671,4,419410,6860
ES3,7673,46,419528,6862
ES1,7680,113,419903,6860
ES1,7684,25,420055,6860
ES3,7684,15,420071,6862
ES5,7688,59,420125,6864
ES6,7688,29,420153,6865
ES4,7688,24,420158,6863
ES9,7689,17,420213,6868
ES1,7691,769,420679,6860
ES7,7691,320,421018,6866
ES6,7691,319,421022,6865
ES1,7693,9,421213,6860
ES2,7714,20,421337,6861
ES2,7737,11,421442,6861
ES9,7739,39,421747,6868
ES9,7739,36,421749,6868
ES5,7741,54,421919,6864
ES1,7760,9,421963,6860
ES2,7760,5,422005,6861
ES10,7778,9,422211,6869
ES7,7778,6,422212,6866
ES7,7786,6,422381,6866
ES1,7811,28,422965,6860
ES5,7811,7,422983,6864
ES7,7818,31,423133,6866
ES7,7818,15,423143,6866
ES2,7819,40,423200,6861
ES6,7832,8,423348,6865
ES2,7836,11,423409,6861
ES7,7847,171,423671,6866
ES7,7847,169,423673,6866
ES1,7855,10,423804,6860
ES3,7877,55,424673,6862
ES3,7877,24,424700,6862
ES2,7877,20,424702,6861
ES25,7896,410,424741,17309
ES5,8018,32,427258,6864
ES6,8021,69,427366,6865
ES5,8023,5,427520,6864
ES8,8030,10,427650,6867
ES6,8030,6,427668,6865
ES11,8040,15,427918,2982
ES9,8059,19,428238,6868
ES10,8073,14,428965,6869
ES8,8076,14,428988,6867
ES9,8086,42,429101,6868
ES9,8089,15,429247,6868
ES8,8093,8,429726,6867
ES9,8104,41,430048,6868
ES13,8105,19,430154,2838
ES13,8105,69,430174,2838
ES8,8105,9,430433,6867
ES6,8120,32,431082,6865
ES6,8129,18,431413,6865
ES8,8129,8,431424,6867
SA5,8130,126,431445,8284
ES9,8144,16,431742,6868
ES9,8148,30,432043,6868
ES11,8186,14,433740,2982
ES10,8197,11,434111,6869
ES14,8199,14,434148,5431
ES6,8256,8,434655,6865
SA7,8276,782,435387,10556
SA7,8345,52,437081,10556
ES5,8408,24,438163,6864
SA7,8420,30,438261,10556
ES9,8420,17,438273,6868
ES8,8424,8,438323,6867
ES9,8436,51,438760,6868
ES9,8436,28,438770,6868
ES15,8548,30,443483,6435
SA1,8568,191,445753,5428
SA1,8631,19,448527,5428
SA1,8640,87,449286,5428
ES15,8656,33,450448,6435
ES15,8656,54,450770,6435
SA1,8683,16,451760,5428
SA1,8703,107,453894,5428
ES15,8703,61,454059,6435
ES15,8779,14,455538,6435
SA1,8789,18,455995,5428
ES9,8875,6,457982,6868
ES13,8890,16,460142,2838
ES3,8918,16,460689,6862
ES5,8918,12,460693,6864
ES6,8918,10,460695,6865
ES2,8945,18,460960,6861
SA1,9334,5,471368,5428
SA3,9337,17,471402,6822
ES12,9339,21,471420,3034
ES12,9368,24,471785,3034
ES17,11919,30,480143,7510
ES17,12759,14,480914,7510
SA6,13590,186,486816,9269
SA5,13918,164,498834,8284
SA5,14107,105,510934,8284
ES17,14143,181,512731,7510
SA5,14189,337,515272,8284
ES17,14339,148,520702,7510
ES18,14863,9,527773,8281
SA5,15485,126,532190,8284
ES17,15866,170,536162,7510
SA6,17393,420,566912,9269
SA5,18555,39,575356,8284
ES16,19923,239,601577,6806
ES15,20185,261,609307,6435
ES14,20185,273,609368,5431
ES15,20185,288,609448,6435
ES15,20556,168,623960,6435
ES15,20569,284,624629,6435
ES14,20570,299,625454,5431
SA4,20573,1021,626650,7509
SA3,20614,225,631700,6822
SA3,20892,48,640876,6822
ES14,21196,75,653215,5431
ES15,21597,2272,664062,6435
ES14,21597,206,665788,5431
ES4,21779,24,669426,6863
ES6,21874,17,670359,6865
ES5,21901,8,670602,6864
ES6,21928,13,670981,6865
ES5,22594,7,673831,6864
ES22,22781,138,675238,13539
SA1,22895,22,676088,5428
SA8,22956,9,676428,12010
SA7,22956,7,676429,10556
SA1,23371,12,677968,5428
SA1,23372,5,678105,5428
ES21,25787,276,692864,12008
ES21,25787,270,692876,12008
ES21,25787,256,692904,12008
ES17,26935,166,701166,7510
SA9,28263,125,716916,13892
ES17,29504,22,730613,7510
SA6,31046,706,740897,9269
SA5,31046,464,740977,8284
SA5,31046,458,741293,8284
ES17,31155,261,743023,7510
ES17,31155,259,743034,7510
SA1,32934,1,754022,5428
SA8,37950,189,763506,12010
SA8,37950,188,763509,12010
SA8,38117,181,766786,12010
SA7,38340,176,770250,10556
SA7,38340,172,770260,10556
ES17,38340,125,770285,7510
SA3,38340,107,770319,6822
SA7,38349,301,770704,10556
SA9,38597,145,777187,13892
SA8,38597,140,777202,12010
SA8,38597,139,777205,12010
SA9,38597,136,777214,13892
SA8,38597,135,777217,12010
SA8,38599,120,777335,12010
SA8,38599,115,777350,12010
SA4,38599,51,777391,7509
SA8,38704,121,778951,12010
SA8,38704,119,778957,12010
SA8,38704,116,778966,12010
SA8,39133,107,781213,12010
ES7,39604,6,784135,6866
SA6,48445,158,851806,9269
SA5,48449,153,851963,8284
ES17,48601,161,855168,7510
ES17,48607,182,855587,7510
SA8,48666,129,860228,12010
SA8,48666,128,860231,12010
SA8,48666,127,860234,12010
SA8,48666,125,860240,12010
SA8,48666,123,860246,12010
ES18,49402,288,876108,8281
ES20,49434,866,877657,10553
ES17,49437,108,878573,7510
ES6,50799,7,897039,6865
SA1,50799,43,897050,5428
ES2,50800,15,897095,6861
ES15,52514,37,900613,6435
ES14,53328,10,904516,5431
ES17,53995,53,909641,7510
ES21,53995,155,909658,12008
SA6,55891,85,915212,9269
ES21,58955,206,916978,12008
SA8,60918,193,980127,12010
ES18,65205,175,1058137,8281
ES20,65580,266,1064007,10553
ES17,65943,11,1066175,7510
ES22,65960,4,1066279,13539
ES17,66000,5,1066569,7510
ES20,67414,39,1079616,10553
ES20,67613,37,1081265,10553
ES20,67709,79,1082612,10553
ES17,68815,170,1093268,7510
SA7,68844,83,1093624,10556
SA9,72726,532,1118885,13892
SA9,72726,530,1118891,13892
SA6,75514,52,1169832,9269
ES21,82917,148,1193118,12008
ES24,82996,52,1195398,16449
ES24,83682,201,1210458,16449
SA7,84245,115,1227341,10556
SA7,84322,98,1229025,10556
ES21,90670,91,1290408,12008
ES21,90707,47,1291472,12008
ES22,90707,46,1291474,13539
ES21,90718,69,1291739,12008
ES22,90839,114,1293839,13539
ES23,90926,58,1295300,14991
ES21,90958,153,1295736,12008
ES21,90958,156,1295755,12008
ES22,90968,142,1296234,13539
ES22,90998,45,1296766,13539
ES21,91075,140,1298199,12008
ES21,91075,137,1298205,12008
ES22,91075,134,1298211,13539
ES21,91228,114,1300939,12008
ES21,91275,35,1301796,12008
ES21,91275,34,1301798,12008
ES21,91275,33,1301800,12008
ES21,91275,32,1301802,12008
ES21,91278,105,1301936,12008
ES21,91288,75,1302311,12008
ES21,91469,118,1306534,12008
ES21,91520,714,1311265,12008
SA8,92194,115,1328764,12010
SA8,92238,80,1329702,12010
SA8,92279,89,1330834,12010
ES21,92628,328,1343502,12008
ES18,94864,1,1360815,8281
SA5,95699,11,1370653,8284
SA10,98671,86,1389162,14993
ES24,98843,59,1390246,16449
SA9,98935,80,1390963,13892
SA10,100005,121,1395073,14993
SA9,100404,89,1397030,13892
SA9,100422,108,1397188,13892
SA9,101209,116,1400268,13892
ES22,101518,87,1402346,13539
SA10,101579,89,1402700,14993
SA9,101714,72,1403557,13892
SA9,101750,63,1403850,13892
SA9,102061,99,1405071,13892
ES22,106310,47,1437563,13539
ES22,106646,103,1439621,13539
ES1,111680,22,1477928,6860
ES6,111688,7,1478021,6865
ES5,111693,6,1478078,6864
ES6,111705,4,1478148,6865
ES21,113868,394,1494896,12008
SA9,114094,455,1498555,13892
ES22,114202,86,1500224,13539
ES23,114892,109,1504972,14991
ES24,118879,209,1507236,16449
SA9,119588,217,1520836,13892
ES23,120854,183,1541043,14991
ES23,120958,150,1542708,14991
SA9,121605,89,1552709,13892
SA9,121925,59,1558746,13892
SA9,121959,105,1560026,13892
ES20,122460,2,1563726,10553
ES18,122672,96,1566810,8281
ES3,124429,6,1586793,6862
ES23,133230,236,1630947,14991
ES23,133230,231,1630957,14991
ES23,133456,47,1635819,14991
ES23,133476,114,1636202,14991
SA10,133480,252,1636496,14993
ES23,133480,216,1636586,14991
ES26,133508,106,1637273,40007
ES22,133513,138,1637606,13539
ES23,133513,133,1637620,14991
ES23,133770,105,1642335,14991
ES23,133771,37,1642433,14991
ES23,133772,236,1642486,14991
ES23,134273,115,1651705,14991
SA9,134509,77,1657904,13892
SA9,134533,122,1658220,13892
SA9,134533,121,1658223,13892
SA9,134535,352,1658342,13892
SA9,134539,240,1658701,13892
SA9,134539,239,1658704,13892
SA9,134539,237,1658710,13892
SA9,134621,144,1660625,13892
SA9,134654,63,1661139,13892
ES23,135029,256,1671942,14991
ES22,135045,91,1672866,13539
ES24,135059,222,1673085,16449
ES17,139557,202,1700001,7510
ES23,151563,217,1766332,14991
ES23,151563,211,1766345,14991
ES23,151563,200,1766370,14991
ES23,156547,80,1790751,14991
ES23,158181,172,1796426,14991
ES23,158634,243,1799716,14991
SA9,160299,123,1812527,13892
ES22,160299,113,1812547,13539
SA8,160304,76,1812971,12010
ES22,160347,193,1815932,13539
ES22,160347,183,1815954,13539
ES22,160347,155,1816016,13539
ES22,160351,307,1816173,13539
SA8,160366,163,1817366,12010
ES22,160369,154,1817540,13539
SA8,160375,57,1817816,12010
SA8,160380,182,1818147,12010
ES20,160594,117,1823515,10553
ES25,163794,267,1838323,17309
ES23,203847,502,1982528,14991
ES3,204719,10,1987795,6862
SA5,206667,6,1995921,8284
ES18,212007,5,2031157,8281
ES5,258415,10,2114149,6864
ES3,258629,6,2117143,6862
ES5,259955,13,2117921,6864
ES2,264931,6,2151597,6861
ES2,264932,12,2151603,6861
ES1,266848,4,2157142,6860
ES18,269305,1,2163595,8281
ES18,269306,1,2163596,8281
ES18,269309,6,2163607,8281
SA5,269404,7,2163880,8284
ES22,281054,12,2200733,13539
ES25,281478,20,2201662,17309
SA8,289276,20,2243598,12010
SA9,289294,10,2243740,13892
SA8,289434,5,2244167,12010
SA8,289455,7,2244380,12010
SA9,58520,34,2453300,13892
SA9,58561,34,2453315,13892
SA10,66776,198,2454713,14993
SA10,67613,64,2454796,14993
SA9,67706,112,2454803,13892
SA10,67775,68,2454812,14993
SA10,69587,53,2454846,14993
SA10,69933,118,2454848,14993
SA9,72726,631,2454892,13892
SA9,72726,630,2454893,13892
ES23,91052,71,2460025,14991
SA10,91275,39,2460289,14993
ES23,118879,249,2464628,14991
ES23,118879,246,2464631,14991
SA10,158324,48,2478018,14993
SA11,158324,44,2478022,16447
SA11,158325,50,2478027,16447
ES24,206941,145,2484313,16449
ES24,206949,133,2484320,16449
ES24,207425,69,2485043,16449
ES24,207425,62,2485050,16449
ES24,207478,239,2485148,16449
ES24,207633,167,2485260,16449
ES26,207741,210,2485578,40007
ES24,207970,117,2485890,16449
ES25,207985,89,2485913,17309
ES25,207985,87,2485915,17309
ES24,207985,82,2485920,16449
ES26,384667,1,2580001,40007
ES23,82998,253,2586605,14991
ES23,83302,75,2586621,14991
ES23,83302,74,2586622,14991
ES23,114906,317,2588634,14991
ES23,118849,303,2588696,14991
ES26,207719,888,2593540,40007
ES22,260132,38,2600794,13539
SA10,260140,116,2601142,14993
SA10,260140,111,2601147,14993
SA10,260142,58,2601477,14993
SA9,260144,35,2601498,13892
ES22,260144,33,2601500,13539
SA9,287520,23,2611983,13892
SA10,287525,43,2612116,14993
ES24,313288,53,2620837,16449
ES24,313297,59,2621094,16449
ES24,313299,56,2621109,16449
ES24,313301,36,2621166,16449
ES24,313301,28,2621174,16449
SA10,260132,45,2671579,14993
SA10,260136,65,2671697,14993
SA10,260136,64,2671698,14993
SA10,287515,34,2672707,14993
SA10,287517,42,2672708,14993
SA10,287517,40,2672710,14993
SA10,287525,48,2673145,14993
SA10,287529,38,2673150,14993
SA11,287529,36,2673152,16447
ES30,313209,45,2673706,40807
SA10,334631,7,2685839,14993
SA10,206280,223,3567684,14993
SA11,158452,133,3574436,16447
SA11,207641,63,3574437,16447
SA10,209899,71,3574438,14993
SA11,313176,79,3574440,16447
SA11,313216,53,3574445,16447
SA11,206924,110,3577933,16447
ES24,119362,120,3578390,16449
ES24,113901,130,3578468,16449
SA11,303945,459,3582402,16447
SA11,209917,87,3585632,16447
ES26,135029,263,3585839,40007
ES26,118879,695,3585854,40007
SA11,255660,102,3586075,16447
ES6,8122,20,3587148,6865
SA11,118849,366,3605425,16447
SA11,120770,947,3607137,16447
SA11,120771,635,3607146,16447
SA10,209899,72,3630906,14993
SA10,209899,70,3630907,14993
SA10,209917,89,3630911,14993
SA11,209917,88,3630912,16447
SA10,209958,73,3630923,14993
SA10,209972,69,3630926,14993
SA10,303945,460,3669874,14993
SA10,313196,56,3686320,14993
SA11,313205,76,3686338,16447
SA11,313209,61,3686348,16447
SA10,313215,53,3686358,14993
SA11,313219,42,3686366,16447
SA10,313296,45,3686491,14993
SA11,306489,191,3822954,16447
SA11,320326,163,3822956,16447
SA11,280722,113,3822957,16447
SA11,280763,162,3822958,16447
SA11,280765,58,3822959,16447
SA12,280795,42,3822960,17310
ES24,320329,36,3825284,16449
ES24,320365,61,3825285,16449
ES24,320332,48,3826177,16449
ES24,334561,129,3826178,16449
ES24,334563,56,3826179,16449
SA11,320358,59,3827649,16447
SA11,334948,515,3827650,16447
SA12,334938,371,3827750,17310
SA12,334948,272,3827751,17310
ES26,82996,152,3827755,40007
ES25,301633,33,3827759,17309
ES25,305262,50,3827762,17309
ES25,279736,50,3827770,17309
ES25,301830,51,3827771,17309
ES25,303883,42,3827774,17309
SA12,306547,120,3827914,17310
SA12,279819,55,3827924,17310
SA12,306547,119,3827925,17310
SA12,280757,76,3827934,17310
SA11,334971,536,3827936,16447
SA12,334948,269,3827938,17310
SA12,279818,66,3827942,17310
SA12,279826,61,3827943,17310
SA12,279826,78,3827944,17310
SA12,280765,59,3827945,17310
SA12,304079,106,3827946,17310
SA12,279807,56,3827947,17310
SA12,280725,78,3827956,17310
ES26,453748,1,3827962,40007
ES26,378334,194,3830023,40007
ES26,158231,350,3830040,40007
ES26,158231,364,3830042,40007
ES25,302320,79,3830069,17309
ES26,302353,44,3830080,40007
ES25,207985,135,3830083,17309
ES26,301489,42,3830088,40007
ES25,378456,198,3830109,17309
ES25,378456,207,3830114,17309
ES25,306547,128,3830128,17309
ES25,302980,52,3830130,17309
ES26,305638,115,3830144,40007
ES25,280432,59,3830162,17309
ES25,207633,193,3830165,17309
ES25,301379,72,3830167,17309
ES25,303205,54,3830184,17309
ES25,301394,53,3830201,17309
ES25,378456,215,3830206,17309
SA12,279819,57,3830750,17310
SA12,306489,210,3830751,17310
ES1,7795,143,3830999,6860
ES9,8148,199,3831054,6868
SA15,158253,256,3844835,18998
ES25,207633,194,3848142,17309
ES25,210539,154,3848815,17309
ES25,255675,22,3849968,17309
SA11,263836,22,3853128,16447
SA11,264293,21,3853368,16447
SA12,267187,371,3853716,17310
ES25,279736,45,3854950,17309
SA11,279819,62,3855085,16447
SA12,279819,61,3855086,17310
ES25,279819,54,3855090,17309
ES25,279826,71,3855110,17309
SA12,279826,63,3855127,17310
SA11,280722,108,3855637,16447
SA12,280725,76,3855644,17310
ES25,280725,74,3855646,17309
ES25,280749,42,3855675,17309
SA11,280757,72,3855700,16447
SA12,280757,65,3855707,17310
SA11,280763,156,3855762,16447
SA11,280774,51,3855833,16447
SA12,280805,59,3855902,17310
ES25,301148,38,3863169,17309
ES25,301170,81,3863186,17309
ES25,303860,47,3864287,17309
SA12,304079,109,3864981,17310
ES25,304301,62,3865255,17309
SA12,306547,127,3868696,17310
SA12,306547,131,3868699,17310
ES25,306547,129,3868700,17309
ES25,306561,40,3868812,17309
ES30,320352,130,3872046,40807
SA11,320365,63,3872312,16447
SA12,334938,379,3888064,17310
SA12,334938,321,3888095,17310
SA12,334938,320,3888096,17310
SA12,334948,313,3888320,17310
SA12,334948,307,3888335,17310
SA11,334948,530,3888386,16447
SA12,334948,301,3888537,17310
SA12,334971,509,3888601,17310
SA12,335022,343,3888822,17310
ES24,67613,96,4057142,16449
ES24,133771,85,4057151,16449
ES24,135061,135,4057155,16449
ES24,133428,150,4059217,16449
ES24,133230,386,4059227,16449
SA13,279826,93,4062605,18235
SA13,334948,1102,4062607,18235
ES24,135061,136,4062993,16449
ES26,135029,332,4063005,40007
ES26,135084,171,4063012,40007
ES26,118849,502,4063018,40007
SA13,306489,228,4063918,18235
SA13,280757,86,4063927,18235
ES24,99262,89,4066585,16449
ES24,133480,411,4069736,16449
ES24,133772,389,4069854,16449
SA13,279819,74,4082973,18235
SA13,306547,135,4097206,18235
SA22,325362,63,4313703,43891
SA12,335446,55,4314513,17310
SA12,331793,57,4315350,17310
ES26,417430,49,4315441,40007
ES26,301329,83,4316534,40007
ES26,305997,78,4316539,40007
ES26,322274,168,4316595,40007
ES26,280475,73,4316601,40007
ES28,133891,1065,4319982,40420
SA13,334938,1102,4342318,18235
SA1,39361,29,4554587,5428
SA12,342454,62,4556647,17310
SA12,363213,43,4557150,17310
ES3,7885,42,4559213,6862
SA13,303886,57,4563437,18235
SA13,303922,51,4563443,18235
SA13,303945,585,4563453,18235
SA13,303992,60,4563455,18235
SA13,304029,50,4563461,18235
SA13,304044,54,4563470,18235
SA13,304161,52,4563475,18235
SA13,304198,72,4563487,18235
SA13,304269,49,4563499,18235
SA13,325362,78,4564408,18235
SA13,325440,40,4564440,18235
SA13,325443,94,4564445,18235
SA13,331657,111,4566103,18235
SA13,331776,38,4566156,18235
SA13,334938,1107,4569045,18235
SA13,334939,52,4569046,18235
SA13,334948,1069,4569093,18235
SA13,335018,64,4569255,18235
SA13,335442,56,4569843,18235
SA13,342438,56,4577785,18235
ES26,342449,93,4577842,40007
SA13,342449,88,4577847,18235
SA13,342449,79,4577855,18235
SA13,342462,64,4577931,18235
SA13,342469,52,4577963,18235
SA13,342505,73,4578092,18235
SA13,342633,63,4578411,18235
SA13,342635,80,4578415,18235
SA13,342660,71,4578503,18235
SA13,342686,75,4578650,18235
SA13,342686,67,4578658,18235
SA13,342784,68,4578860,18235
ES26,417448,100,4746120,40007
ES26,392370,48,4746124,40007
ES26,392362,93,4746365,40007
ES26,392339,54,4746367,40007
ES26,392341,72,4746368,40007
ES26,392347,66,4746372,40007
SA13,342454,70,4747282,18235
SA14,335446,82,4750129,18644
SA13,342488,59,4753157,18235
SA13,342543,59,4753188,18235
ES27,343253,56,4753759,40205
ES27,343273,796,4753871,40205
ES28,343273,672,4753995,40420
ES27,343315,144,4754187,40205
ES28,343315,143,4754188,40420
ES27,343340,113,4754308,40205
ES27,343361,188,4754333,40205
ES27,343362,412,4754361,40205
ES28,343362,411,4754362,40420
ES28,343362,383,4754390,40420
ES29,343362,372,4754401,40590
ES28,343362,353,4754420,40420
ES27,343411,60,4754550,40205
ES27,343580,171,4754941,40205
ES29,343583,219,4754964,40590
ES27,343583,212,4754971,40205
ES28,343585,64,4755013,40420
ES27,343585,62,4755015,40205
ES27,343585,61,4755016,40205
ES27,343588,200,4755033,40205
ES28,343597,130,4755085,40420
ES27,343597,111,4755104,40205
ES28,343678,166,4755402,40420
ES27,343678,162,4755406,40205
ES27,343678,161,4755407,40205
ES27,343726,111,4755489,40205
ES27,343741,171,4755554,40205
ES28,343756,167,4755561,40420
ES27,343777,139,4755691,40205
ES27,343777,124,4755706,40205
ES27,343838,472,4755841,40205
ES28,343838,421,4755892,40420
ES27,343842,268,4755979,40205
ES28,343843,141,4756035,40420
ES28,343884,176,4756179,40420
ES28,343924,197,4756342,40420
ES27,344968,251,4757265,40205
ES27,350899,274,4757836,40205
ES28,350902,93,4757869,40420
ES28,350902,92,4757870,40420
ES27,350902,90,4757872,40205
ES27,350926,355,4757903,40205
ES28,350926,353,4757905,40420
ES27,350926,350,4757908,40205
ES27,350926,340,4757918,40205
ES27,351237,84,4758872,40205
ES28,351237,82,4758874,40420
ES27,360037,64,4760307,40205
ES27,361620,230,4763642,40205
ES27,361684,199,4763836,40205
ES28,361746,115,4764079,40420
ES27,361845,245,4764397,40205
ES27,361941,177,4764687,40205
SA13,363213,50,4772148,18235
SA15,366109,122,4774392,18998
SA13,392356,71,4799210,18235
ES26,392364,81,4799353,40007
ES26,417372,95,4817951,40007
ES28,429817,28,4835368,40420
ES28,429817,27,4835369,40420
ES28,430291,19,4835640,40420
ES28,430366,37,4835745,40420
SA12,431763,109,4874564,17310
SA12,431763,107,4874568,17310
SA14,342452,53,4878569,18644
SA14,342452,51,4878570,18644
SA14,342454,95,4878575,18644
SA14,342454,89,4878578,18644
SA14,342479,61,4878600,18644
SA14,342671,56,4878651,18644
SA14,342716,38,4878677,18644
ES27,360038,165,4879639,40205
SA14,360340,45,4879809,18644
SA14,360341,47,4879810,18644
ES27,361565,125,4880354,40205
ES28,361567,137,4880393,40420
ES27,361573,252,4880410,40205
ES27,361573,251,4880411,40205
ES27,361573,211,4880451,40205
ES29,361573,207,4880455,40590
ES27,361995,218,4880829,40205
ES27,362247,134,4881156,40205
SA14,362924,52,4882904,18644
SA14,363029,48,4882933,18644
SA14,363172,46,4882993,18644
SA14,363191,51,4882998,18644
SA14,363192,53,4883005,18644
SA14,363192,49,4883006,18644
SA14,363192,46,4883007,18644
SA14,363209,45,4883014,18644
SA14,363209,44,4883015,18644
SA14,363213,60,4883019,18644
SA14,363214,50,4883021,18644
SA14,363214,49,4883022,18644
SA14,363246,42,4883041,18644
SA14,363248,48,4883043,18644
SA14,363248,46,4883044,18644
SA14,365536,56,4883326,18644
SA14,365536,52,4883328,18644
SA14,365562,49,4883350,18644
SA14,365653,61,4883370,18644
SA14,365653,60,4883371,18644
SA14,365653,59,4883372,18644
SA14,365833,50,4883399,18644
ES28,367671,247,4884051,40420
SA14,372681,42,4884520,18644
ES27,373108,204,4885160,40205
SA14,373313,42,4885580,18644
SA14,373334,67,4885590,18644
SA14,373334,66,4885591,18644
SA14,373334,63,4885592,18644
SA14,373334,61,4885594,18644
SA14,373355,48,4885599,18644
SA14,373355,47,4885600,18644
ES30,393600,92,4893489,40807
ES29,414815,55,4902859,40590
ES28,414815,50,4902864,40420
ES28,414855,31,4902873,40420
ES28,420669,10,4904658,40420
ES27,420676,32,4904773,40205
ES28,420682,15,4904848,40420
ES28,420687,38,4905071,40420
ES29,420692,59,4905265,40590
ES28,420692,47,4905277,40420
ES28,420692,45,4905279,40420
ES28,420692,44,4905280,40420
ES27,420694,25,4905340,40205
ES27,420707,34,4905746,40205
SA15,425909,190,4908642,18998
SA15,384956,94,4932238,18998
SA15,384994,60,4932272,18998
SA15,385077,78,4932292,18998
SA15,385077,75,4932295,18998
SA15,385184,55,4932340,18998
SA15,385184,50,4932345,18998
SA15,394062,46,4934603,18998
SA15,394070,83,4934634,18998
SA15,394087,29,4934637,18998
ES28,394773,1358,4935133,40420
SA15,398949,240,4936215,18998
SA15,398949,238,4936217,18998
SA15,399062,89,4936346,18998
ES5,407602,4,4937014,6864
ES5,407603,4,4937015,6864
ES28,427077,13,4940526,40420
ES28,427147,22,4940559,40420
SA14,429474,217,4943190,18644
ES29,388168,123,4960851,40590
SA15,388324,50,4961056,18998
SA15,388370,76,4961148,18998
SA15,388384,38,4961154,18998
SA15,388408,79,4961168,18998
SA15,388436,67,4961197,18998
SA15,388444,88,4961202,18998
SA15,388444,84,4961206,18998
SA15,388444,83,4961207,18998
SA15,388452,65,4961229,18998
SA15,388452,64,4961230,18998
SA15,388452,59,4961235,18998
SA15,388457,99,4961241,18998
SA15,388457,93,4961247,18998
SA15,394799,44,4961444,18998
SA15,394939,36,4961506,18998
SA15,399013,348,4961560,18998
SA15,399013,347,4961561,18998
SA14,431800,216,4963943,18644
SA14,431800,214,4963944,18644
SA15,388327,121,4970591,18998
SA15,388327,117,4970595,18998
SA15,431763,611,4975863,18998
SA15,431763,607,4975867,18998
SA15,431763,606,4975868,18998
SA15,431763,605,4975869,18998
SA15,431798,347,4976138,18998
SA15,431798,346,4976139,18998
SA15,431798,345,4976140,18998
SA15,431799,337,4976156,18998
SA15,431801,404,4976178,18998
SA15,431801,387,4976195,18998
SA14,431808,114,4976211,18644
ES29,448422,109,5090604,40590
ES29,448422,101,5090612,40590
ES29,436825,31,5106304,40590
ES28,436749,48,5106631,40420
ES28,436749,47,5106632,40420
ES28,436745,38,5106646,40420
ES28,436745,34,5106650,40420
ES28,436741,67,5106691,40420
ES29,392341,161,5149484,40590
ES28,392341,157,5149488,40420
ES28,392340,98,5149516,40420
ES29,475217,40,5307520,40590
ES29,475215,148,5307556,40590
ES29,475202,47,5307571,40590
ES29,475024,14,5307637,40590
ES29,475003,47,5307666,40590
ES29,474973,70,5307704,40590
ES29,474954,49,5307736,40590
ES29,474907,52,5307758,40590
ES29,474860,31,5307791,40590
ES29,450593,8,5322969,40590
ES29,443943,21,5334154,40590
ES29,436741,69,5337014,40590
ES30,459354,79,5390631,40807
ES29,459353,33,5390665,40590
ES29,459346,85,5390748,40590
ES29,459343,30,5390787,40590
ES29,459343,26,5390791,40590
ES29,459341,25,5390807,40590
ES30,459341,23,5390809,40807
ES29,459298,95,5390889,40590
ES29,459285,65,5391052,40590
ES29,448415,82,5397993,40590
ES30,448409,125,5398136,40807
ES30,448409,101,5398160,40807
ES29,448409,98,5398163,40590
ES29,448408,146,5398168,40590
ES29,448408,141,5398173,40590
ES29,448408,109,5398205,40590
ES30,448406,127,5398279,40807
ES29,448404,117,5398326,40590
ES29,448404,113,5398330,40590
ES29,448403,61,5398398,40590
ES29,448403,57,5398402,40590
ES29,448402,78,5398419,40590
ES30,448402,73,5398424,40807
ES30,448401,160,5398450,40807
ES30,448401,139,5398471,40807
ES29,448401,127,5398483,40590
ES29,448399,112,5398546,40590
ES29,448394,52,5398718,40590
ES31,448392,53,5398754,41098
ES30,448392,49,5398758,40807
ES29,448391,87,5398778,40590
SA17,425809,78,5422723,19658
SA17,425914,84,5422744,19658
SA17,425914,86,5422746,19658
SA17,435251,62,5423197,19658
SA17,435264,159,5423286,19658
SA17,435275,64,5423323,19658
SA17,435275,65,5423324,19658
SA17,435275,67,5423326,19658
SA17,435275,69,5423328,19658
SA17,436913,39,5423535,19658
SA17,436913,43,5423539,19658
SA17,437242,76,5423688,19658
SA17,437242,80,5423692,19658
SA17,437242,86,5423698,19658
SA17,437242,87,5423699,19658
SA17,437242,88,5423700,19658
SA17,437242,89,5423701,19658
SA17,437257,72,5423753,19658
SA17,450342,281,5427831,19658
SA17,450346,92,5427842,19658
SA17,450351,72,5427924,19658
SA17,450351,79,5427931,19658
SA17,450352,62,5427939,19658
SA17,450355,86,5427955,19658
SA17,452364,43,5428200,19658
SA17,452377,91,5428283,19658
SA17,452449,139,5428443,19658
SA17,452449,146,5428450,19658
SA17,452449,150,5428454,19658
SA17,452470,93,5428491,19658
SA17,454534,1223,5428538,19658
SA17,460354,93,5429336,19658
SA17,460354,98,5429341,19658
SA17,460356,139,5429403,19658
SA17,460356,141,5429405,19658
SA17,460356,145,5429409,19658
SA17,472868,32,5435731,19658
SA17,472918,51,5435798,19658
SA17,473237,30,5435851,19658
SA17,473245,45,5435890,19658
SA17,473247,37,5435911,19658
SA17,473259,56,5435954,19658
SA17,473281,60,5436044,19658
ES30,463399,42,5534312,40807
ES30,463491,183,5534326,40807
ES30,463491,192,5534335,40807
ES30,463491,196,5534339,40807
ES30,463508,200,5534344,40807
ES31,463510,117,5534349,41098
ES30,465540,30,5534459,40807
ES30,465822,92,5534475,40807
ES30,476926,68,5535415,40807
ES30,476927,38,5535428,40807
ES31,476927,40,5535430,41098
ES30,476938,41,5535500,40807
ES30,476939,53,5535514,40807
ES30,476940,53,5535534,40807
ES30,480273,34,5551629,40807
ES30,480808,72,5551690,40807
ES30,480809,65,5551704,40807
ES30,480813,15,5551747,40807
ES30,480813,18,5551750,40807
ES30,480816,85,5551765,40807
ES30,480818,39,5551798,40807
ES30,480819,47,5551820,40807
ES30,480819,54,5551827,40807
ES30,480824,48,5551892,40807
ES30,480883,18,5551989,40807
ES30,480887,13,5552005,40807
ES31,480888,14,5552007,41098
ES30,480889,19,5552010,40807
ES30,480893,21,5552050,40807
ES30,480901,20,5552093,40807
ES30,480905,64,5552140,40807
ES30,480908,60,5552189,40807
ES30,480908,64,5552193,40807
ES30,480919,41,5552327,40807
ES31,485236,18,5792799,41098
ES31,485254,20,5792818,41098
ES31,485274,17,5792835,41098
ES31,485292,19,5792875,41098
ES31,485310,15,5792898,41098
ES31,485333,34,5792994,41098
ES31,485333,40,5793000,41098
ES31,485333,44,5793004,41098
ES31,485340,28,5793038,41098
ES31,487034,32,5793057,41098
ES31,487077,31,5793096,41098
ES31,487324,48,5793283,41098
ES31,487376,12,5793334,41098
ES31,487458,21,5793395,41098
ES31,487756,12,5793490,41098
ES31,488149,15,5793549,41098
ES31,459354,115,5793725,41098
ES31,448392,95,5793757,41098
ES31,448401,202,5793764,41098
ES31,448401,203,5793765,41098
ES31,448401,212,5793774,41098
ES31,448403,122,5793798,41098
ES31,448409,179,5793839,41098
ES31,448409,183,5793843,41098
ES31,493058,25,5793893,41098
ES31,493099,13,5793912,41098
ES31,494370,27,5794156,41098
ES31,494370,28,5794157,41098
ES31,494425,23,5794159,41098
ES31,494522,18,5794173,41098
ES31,492641,40,5794452,41098
ES31,492642,39,5794455,41098
ES31,492644,17,5794465,41098
ES31,492644,18,5794466,41098
ES31,492650,31,5794488,41098
ES31,492651,23,5794494,41098
ES31,492655,41,5794506,41098
ES31,499156,17,5794630,41098
ES31,487192,32,5794687,41098
ES31,480813,22,5796773,41098
ES31,480829,83,5796834,41098
ES32,480829,85,5849420,41481
ES32,480829,88,5849423,41481
ES32,509166,56,5993501,41481
ES32,510133,26,5993661,41481
ES32,510133,29,5993664,41481
ES32,510135,41,5993674,41481
ES32,510144,71,5993721,41481
ES32,510149,61,5993762,41481
ES32,510149,67,5993768,41481
ES32,510165,60,5993849,41481
ES32,510174,83,5993895,41481
ES32,510201,41,5993957,41481
ES32,510203,18,5993965,41481
ES32,510210,42,5994020,41481
ES32,510238,57,5994170,41481
ES32,510268,30,5994277,41481
ES32,510268,32,5994279,41481
ES32,510268,33,5994280,41481
ES32,510270,44,5994285,41481
ES32,510270,46,5994287,41481
ES32,510270,47,5994288,41481
ES32,510273,41,5994312,41481
ES32,510273,42,5994313,41481
ES32,510283,51,5994383,41481
ES32,510302,45,5994462,41481
ES32,510302,48,5994465,41481
ES32,510311,66,5994557,41481
ES32,503062,49,5994789,41481
ES32,503162,26,5994921,41481
ES32,509197,55,5994998,41481
ES32,510153,75,5995117,41481
ES32,510232,49,5995182,41481
ES32,509031,37,5995318,41481
ES32,509032,17,5995324,41481
ES32,509458,30,5995469,41481
ES32,509552,17,5995590,41481
ES32,509557,30,5995599,41481
ES32,509559,12,5995610,41481
ES32,509570,28,5995641,41481
ES32,509641,22,5995714,41481
ES32,509692,17,5995732,41481
ES32,503835,19,5996632,41481
ES32,502905,19,5996730,41481
ES32,510167,38,5996837,41481
ES32,510186,14,5996838,41481
ES15,33989,230,5997095,6435
ES17,33989,235,5997100,7510
SA19,512755,69,5999970,120235
SA19,512797,154,5999989,120235
SA19,512844,121,6000027,120235
SA19,512786,100,6000219,120235
SA19,512908,124,6000229,120235
SA19,512908,133,6000238,120235
SA19,504237,155,6000355,120235
SA19,504237,165,6000365,120235
SA19,504248,70,6000384,120235
SA19,504248,76,6000390,120235
SA19,504250,113,6000404,120235
SA19,504457,64,6000537,120235
SA19,506887,98,6000614,120235
SA19,506887,101,6000617,120235
SA19,506887,103,6000619,120235
SA19,506887,107,6000623,120235
SA19,506898,48,6000648,120235
SA19,507062,97,6000906,120235
SA19,507062,100,6000909,120235
SA19,507064,86,6000917,120235
SA19,507102,57,6000973,120235
SA19,506830,98,6001013,120235
SA19,506830,101,6001016,120235
SA19,495230,91,6001072,120235
SA19,495241,91,6001093,120235
SA19,495447,74,6001172,120235
SA19,495447,81,6001179,120235
SA19,285851,1382,6001235,120235
SA19,504090,84,6001239,120235
SA19,504090,85,6001240,120235
SA19,494935,32,6001357,120235
SA19,494965,49,6001439,120235
SA19,494983,41,6001457,120235
SA19,495073,28,6001472,120235
SA19,495915,79,6001556,120235
SA19,496026,97,6001639,120235
SA19,496026,99,6001641,120235
SA19,496027,103,6001643,120235
SA19,496027,105,6001645,120235
SA19,496096,35,6001669,120235
SA19,512743,133,6001847,120235
SA19,494961,50,6001910,120235
SA19,494961,52,6001912,120235
SA23,448392,208,6085788,44618
SA21,520118,20,6174798,42581
ES33,520200,58,6174847,41928
ES33,520211,26,6174858,41928
SA21,520211,27,6174859,42581
ES33,520218,33,6174867,41928
SA21,520220,12,6174877,42581
ES34,520227,41,6174884,42576
ES33,520227,43,6174886,41928
SA21,520235,16,6174892,42581
ES34,520259,27,6174901,42576
ES33,520259,29,6174903,41928
ES33,520698,31,6174949,41928
ES33,520762,43,6175022,41928
ES33,520792,46,6175076,41928
ES33,520845,19,6175216,41928
ES33,520860,23,6175234,41928
ES33,520973,48,6175411,41928
ES33,520976,61,6175439,41928
ES34,515867,15,6175662,42576
ES33,516107,102,6175947,41928
ES33,516338,29,6175962,41928
ES34,516338,30,6175963,42576
ES33,516365,26,6176022,41928
SA21,516631,60,6176213,42581
SA21,516634,44,6176224,42581
ES33,516676,70,6176308,41928
SA21,516693,22,6176360,42581
ES33,516715,24,6176409,41928
ES33,516782,44,6176558,41928
ES34,516927,23,6176829,42576
SA21,516958,14,6176870,42581
ES33,520059,44,6176914,41928
SA21,520170,72,6177005,42581
ES33,520372,75,6177148,41928
ES33,520376,56,6177174,41928
ES33,520469,31,6177395,41928
ES33,520478,78,6177447,41928
SA21,520509,33,6177544,42581
SA21,520525,70,6177552,42581
SA21,520526,98,6177563,42581
ES33,520543,37,6177595,41928
ES33,520543,40,6177598,41928
ES33,520553,104,6177648,41928
ES33,520071,17,6177828,41928
ES33,520071,23,6177834,41928
ES33,520906,39,6177947,41928
ES33,520906,43,6177951,41928
SA21,521024,46,6178040,42581
ES33,521033,50,6178095,41928
SA21,516624,40,6178247,42581
ES33,516463,89,6178402,41928
ES33,516534,60,6178517,41928
ES33,516539,55,6178533,41928
ES33,516549,29,6178556,41928
ES33,516817,20,6178875,41928
SA21,516827,52,6178888,42581
ES33,520984,24,6178935,41928
SA21,520091,60,6178972,42581
ES33,520091,61,6178973,41928
ES33,520167,40,6178997,41928
ES33,520073,20,6179118,41928
ES33,521063,67,6179220,41928
ES33,516587,41,6179222,41928
ES33,516587,46,6179227,41928
SA20,522741,194,6278810,120529
SA20,522741,195,6278811,120529
SA20,522811,30,6278849,120529
SA20,522931,40,6278940,120529
SA20,522931,42,6278942,120529
SA20,522931,43,6278943,120529
SA20,522955,107,6278982,120529
SA20,522977,1253,6279005,120529
SA20,517169,36,6279186,120529
SA20,517201,66,6279213,120529
SA20,517201,67,6279214,120529
SA20,517338,197,6279341,120529
SA20,514487,56,6279585,120529
SA20,512788,49,6279600,120529
SA20,522317,85,6279628,120529
SA20,522317,88,6279631,120529
SA20,522317,89,6279632,120529
SA20,522326,335,6279671,120529
SA20,522437,184,6279825,120529
SA20,522437,188,6279829,120529
SA20,522437,189,6279830,120529
SA20,512886,49,6280037,120529
SA20,512126,121,6280095,120529
SA20,512126,125,6280099,120529
SA20,512126,129,6280103,120529
SA20,512148,49,6280120,120529
SA20,512148,50,6280121,120529
SA20,522740,124,6280144,120529
SA20,523019,88,6280202,120529
SA20,517174,106,6280250,120529
SA20,518884,49,6280379,120529
SA20,517413,103,6280455,120529
SA20,518959,58,6280483,120529
SA20,517568,109,6280551,120529
SA20,517568,111,6280553,120529
SA20,528177,62,6280578,120529
SA20,528177,67,6280583,120529
SA20,527264,79,6280588,120529
SA20,527264,82,6280591,120529
ES22,54384,388,6309121,13539
ES34,524489,75,6332960,42576
ES34,524603,69,6334286,42576
ES34,524663,65,6334696,42576
ES34,525188,91,6336482,42576
ES34,525190,56,6336494,42576
ES34,525282,73,6337034,42576
ES34,525306,71,6337327,42576
ES34,525326,69,6337624,42576
ES34,525407,67,6338512,42576
ES34,525542,39,6342011,42576
ES34,532679,28,6414818,42576
ES34,532773,74,6415095,42576
ES34,532774,60,6415108,42576
ES34,532785,48,6415172,42576
ES34,533074,55,6415627,42576
ES34,533110,80,6415761,42576
ES34,533127,55,6415827,42576
ES34,533130,80,6415858,42576
ES34,533135,19,6415882,42576
ES34,533164,91,6415924,42576
ES34,533205,55,6416011,42576
ES34,533375,38,6416482,42576
ES34,532644,68,6416942,42576
ES34,532651,35,6416954,42576
ES34,532780,57,6417113,42576
ES34,532780,61,6417117,42576
ES34,532924,71,6417209,42576
ES34,532927,55,6417213,42576
ES34,524439,60,6417572,42576
ES34,524442,64,6417583,42576
ES34,524444,65,6417590,42576
ES34,524511,46,6417649,42576
ES34,524512,74,6417653,42576
ES34,524756,52,6417794,42576
SA21,533947,122,6424301,42581
SA21,533947,133,6424312,42581
SA21,534024,141,6424402,42581
SA21,534025,131,6424422,42581
SA21,534026,157,6424425,42581
SA21,534026,166,6424434,42581
SA21,534098,133,6424629,42581
SA20,522740,208,6424850,120529
SA20,522319,120,6424861,120529
SA20,522319,122,6424863,120529
SA20,517316,64,6424879,120529
ES35,532782,64,6463812,43890
ES35,532786,61,6463832,43890
SA21,525936,103,6487396,42581
SA21,526295,54,6487525,42581
SA21,526311,55,6487536,42581
SA22,540863,38,6565465,43891
SA22,540897,33,6565553,43891
ES35,540929,32,6565632,43890
ES35,541136,44,6566775,43890
SA22,541137,21,6566784,43891
SA22,541252,35,6567274,43891
SA22,541276,22,6567383,43891
SA22,536829,48,6567939,43891
ES35,536277,18,6568075,43890
SA22,536399,15,6568153,43891
ES35,536455,21,6568200,43890
ES35,536610,53,6568341,43890
SA22,536610,54,6568342,43891
SA22,536614,25,6568347,43891
ES35,536724,10,6568374,43890
ES35,536736,12,6568389,43890
SA22,536858,25,6568710,43891
SA22,537247,44,6569526,43891
SA21,534008,82,6624336,42581
SA21,534074,103,6624365,42581
SA21,534228,114,6624383,42581
SA21,534533,199,6624392,42581
SA21,533984,46,6624406,42581
SA21,534051,97,6624429,42581
SA21,534563,127,6624440,42581
SA21,534608,130,6624455,42581
SA21,534512,210,6624504,42581
SA21,537343,203,6624544,42581
SA21,537376,32,6624585,42581
SA21,537391,18,6624594,42581
SA21,537391,19,6624595,42581
SA22,540634,65,6679102,43891
ES35,541055,44,6679501,43890
SA22,541070,40,6679532,43891
ES35,541186,63,6679707,43890
SA22,541262,110,6679848,43891
SA22,541288,134,6679883,43891
SA22,541305,80,6679927,43891
ES35,541310,84,6679937,43890
ES35,541325,47,6679959,43890
SA22,540582,80,6680187,43891
ES35,540932,76,6680599,43890
ES35,540603,76,6680725,43890
ES35,540618,69,6680727,43890
SA22,540635,88,6680738,43891
ES35,540940,49,6680812,43890
ES35,541024,54,6680863,43890
ES35,541053,48,6680905,43890
ES35,541056,62,6680913,43890
ES35,541067,23,6680937,43890
ES35,541079,49,6680947,43890
SA22,541081,42,6680962,43891
ES35,541081,47,6680967,43890
SA22,541098,55,6680977,43891
ES35,541193,147,6681194,43890
ES35,541282,99,6681419,43890
ES35,541288,166,6681462,43890
SA22,541341,81,6681576,43891
SA22,541345,137,6681594,43891
ES35,536359,76,6681793,43890
ES35,536360,106,6681798,43890
ES35,536394,51,6681820,43890
ES35,536413,95,6681853,43890
ES35,536531,73,6681899,43890
SA22,536531,82,6681908,43891
ES35,536753,38,6682188,43890
SA22,537001,74,6682839,43891
ES35,537021,89,6682903,43890
ES35,537025,35,6682916,43890
SA22,537037,58,6682935,43891
ES35,537040,66,6682939,43890
ES35,536265,111,6683402,43890
ES35,536280,53,6683456,43890
ES35,536307,78,6683482,43890
SA22,536310,61,6683490,43891
ES35,536349,111,6683513,43890
SA22,536399,74,6683597,43891
ES35,536424,64,6683614,43890
ES35,536958,42,6684036,43890
ES35,536996,215,6684107,43890
SA22,536996,271,6684163,43891
SA22,536997,66,6684197,43891
SA22,537019,38,6684207,43891
ES35,537056,52,6684265,43890
ES35,537241,94,6684333,43890
SA22,537241,108,6684347,43891
ES36,541409,61,6688880,44617
SA23,541134,137,6688933,44618
SA23,541193,172,6689407,44618
ES36,536996,295,6689550,44617
ES36,536360,151,6689579,44617
SA22,543390,56,6690535,43891
SA22,543422,94,6690578,43891
SA22,543442,73,6690599,43891
SA22,543445,75,6690606,43891
SA22,543572,113,6690805,43891
SA22,539061,89,6691327,43891
ES35,543421,109,6691533,43890
SA22,543047,15,6691746,43891
SA22,538818,67,6692002,43891
SA22,539008,91,6692251,43891
SA22,543801,73,6692326,43891
SA22,543803,145,6692338,43891
SA22,543803,152,6692345,43891
SA23,553118,42,6861663,44618
SA23,552963,67,6931304,44618
ES36,553005,107,6931353,44617
SA23,553147,48,6931425,44618
ES36,553147,50,6931427,44617
ES36,553151,46,6931430,44617
ES36,545670,52,6931781,44617
ES36,546014,119,6932080,44617
SA23,546028,70,6932110,44618
ES36,546418,38,6932358,44617
ES36,546469,39,6932458,44617
SA23,546474,38,6932463,44618
SA23,546507,66,6932534,44618
ES36,546670,43,6932999,44617
ES36,556670,10,6933182,44617
ES36,556684,19,6933207,44617
SA23,556941,20,6933400,44618
ES36,556944,29,6933422,44617
ES36,557013,10,6933471,44617
ES36,557026,14,6933497,44617
ES36,557029,15,6933507,44617
ES36,559529,34,6933863,44617
ES36,559531,5,6933866,44617
SA23,559534,21,6933876,44618
SA23,559568,26,6933957,44618
SA23,559568,28,6933959,44618
ES36,559569,19,6933960,44617
SA23,559569,22,6933963,44618
SA23,559582,23,6934008,44618
SA23,559582,24,6934009,44618
ES36,559670,16,6934151,44617
ES36,559675,28,6934167,44617
SA23,559698,16,6934232,44618
ES36,559699,13,6934236,44617
ES36,559700,8,6934241,44617
SA23,559745,8,6934335,44618
ES36,559812,21,6934406,44617
ES36,559836,18,6934427,44617
ES36,560060,19,6934689,44617
SA23,560562,15,6934881,44618
ES36,560623,14,6934907,44617
SA23,558161,23,6934920,44618
ES36,552091,11,6934955,44617
SA23,549495,18,6935205,44618
SA23,549534,14,6935215,44618
SA23,549676,18,6935268,44618
SA23,553005,127,6935652,44618
ES36,553108,47,6935757,44617
ES36,553164,70,6935866,44617
SA23,553269,65,6935950,44618
ES36,553303,70,6935965,44617
ES36,553303,73,6935968,44617
ES36,553410,32,6936054,44617
SA23,553610,93,6936362,44618
SA23,545879,87,6937035,44618
SA23,546345,50,6937384,44618
ES36,546349,57,6937396,44617
ES36,546353,47,6937420,44617
ES36,546407,41,6937552,44617
ES36,546469,40,6937850,44617
ES36,546470,29,6937851,44617
ES36,546507,83,6937974,44617
ES36,546724,27,6938535,44617
SA23,552109,29,6938585,44618
SA23,552172,20,6938628,44618
SA23,554318,37,6938691,44618
SA23,554334,25,6938711,44618
SA23,554334,27,6938713,44618
SA23,549452,19,6938774,44618
SA23,549538,19,6938783,44618
SA23,549549,48,6938799,44618
SA23,549636,28,6938834,44618
ES36,549122,26,6938851,44617
ES36,549129,33,6938863,44617
SA23,549148,55,6938891,44618
SA23,554136,19,6938934,44618
SA23,554181,24,6938947,44618
SA23,548967,40,6938973,44618
ES36,561107,26,6939838,44617
SA23,561142,18,6939864,44618
SA23,552592,10,6939896,44618
SA23,552597,17,6939899,44618
SA23,552597,20,6939902,44618
SA23,549913,16,6939929,44618
ES36,552545,23,6939938,44617
SA23,552587,637,6939941,44618
SA24,566446,47,7044357,45329
ES37,565932,57,7044800,45328
SA24,565938,44,7044811,45329
ES37,565988,51,7044885,45328
SA24,565988,52,7044886,45329
SA24,566584,70,7045116,45329
ES37,566170,42,7045271,45328
ES37,562011,68,7045950,45328
SA24,562158,35,7046099,45329
SA24,562173,33,7046204,45329
SA24,562464,46,7046390,45329
ES37,562580,42,7046782,45328
ES37,562707,52,7047479,45328
ES37,562714,64,7047560,45328
ES37,562716,39,7047568,45328
SA24,562726,49,7047610,45329
SA24,564852,38,7048427,45329
ES37,541185,105,7048518,45328
SA24,561918,65,7170918,45329
ES37,561980,95,7170962,45328
ES37,562092,72,7171118,45328
ES37,562159,71,7171238,45328
SA24,562182,62,7171325,45329
SA24,562442,78,7173452,45329
ES37,562509,77,7173723,45328
ES37,562540,17,7173803,45328
SA24,562565,61,7173851,45329
SA24,562680,31,7174199,45329
ES37,562694,35,7174267,45328
ES37,562695,38,7174270,45328
ES37,562704,39,7174314,45328
ES37,562704,45,7174320,45328
SA24,562707,97,7174330,45329
ES37,562708,89,7174342,45328
ES37,562708,96,7174349,45328
ES37,562708,98,7174351,45328
ES37,562715,47,7174396,45328
ES37,562718,92,7174418,45328
ES37,562718,95,7174421,45328
SA24,562727,90,7174519,45329
SA24,562728,67,7174535,45329
ES37,562732,44,7174570,45328
SA24,562743,19,7174590,45329
ES37,562743,20,7174591,45328
SA24,562769,94,7174653,45329
SA24,562769,97,7174656,45329
ES37,562769,98,7174657,45328
ES37,562791,50,7174701,45328
ES37,562793,68,7174709,45328
SA24,562842,44,7175809,45329
ES37,556677,27,7175970,45328
SA24,556687,52,7176013,45329
SA24,556689,62,7176031,45329
SA24,556706,85,7176119,45329
SA24,556889,98,7176407,45329
ES37,556981,36,7176565,45328
ES37,557026,42,7176616,45328
ES37,557027,47,7176624,45328
SA24,557029,75,7176640,45329
ES37,557029,79,7176644,45328
ES37,557126,24,7176774,45328
ES37,557128,62,7176779,45328
ES37,559592,24,7177198,45328
ES37,559622,49,7177282,45328
SA24,559674,58,7177352,45329
SA24,559752,48,7177571,45329
SA24,559774,68,7177601,45329
SA24,559885,12,7177692,45329
SA24,559930,22,7177772,45329
SA24,560000,39,7177875,45329
SA24,559882,56,7178353,45329
SA24,566455,11,7178454,45329
SA24,566473,59,7178485,45329
ES37,565708,10,7178541,45328
SA24,565708,11,7178542,45329
SA24,565724,59,7178551,45329
SA24,565839,57,7178584,45329
SA24,565864,44,7178598,45329
ES37,565940,15,7178612,45328
SA24,566497,16,7178630,45329
ES37,566519,86,7178649,45328
ES37,566528,19,7178651,45328
ES37,566549,114,7178692,45328
SA24,566610,17,7178731,45329
SA24,566625,19,7178734,45329
SA24,566158,13,7178764,45329
ES37,562712,44,7179800,45328
SA24,562713,70,7179805,45329
ES37,562714,91,7179812,45328
SA24,562758,34,7179819,45329
ES38,571439,20,7310216,46171
ES38,571496,80,7310280,46171
SA25,571496,82,7310282,46172
ES38,571655,54,7310423,46171
SA25,571838,65,7310704,46172
ES38,571845,28,7310723,46171
SA25,571856,38,7310785,46172
ES38,571869,41,7310807,46171
SA25,571875,33,7310835,46172
SA25,571879,63,7310893,46172
ES38,571880,33,7310905,46171
ES38,571955,24,7311077,46171
ES38,572131,22,7311612,46171
SA25,572220,75,7311894,46172
ES38,572221,22,7311895,46171
SA25,572332,53,7312223,46172
ES38,569774,36,7312360,46171
ES38,569784,18,7312378,46171
ES38,570496,52,7312934,46171
SA25,570506,34,7312955,46172
ES38,570548,36,7313028,46171
ES38,570757,42,7313462,46171
SA25,570871,47,7313724,46172
ES38,570894,96,7313804,46171
ES38,570894,98,7313806,46171
ES38,571336,43,7395694,46171
SA25,571371,83,7395822,46172
ES38,571408,35,7395899,46171
ES38,571452,60,7396039,46171
SA25,571476,53,7396104,46172
ES38,571496,143,7396133,46171
ES38,571496,153,7396143,46171
ES38,571512,31,7396161,46171
SA25,571525,21,7396194,46172
SA25,571528,31,7396209,46172
ES38,571540,35,7396228,46171
ES38,571543,30,7396235,46171
ES38,571586,56,7396355,46171
ES38,571701,72,7396550,46171
SA25,571755,33,7396624,46172
SA25,571768,23,7396638,46172
SA25,571768,24,7396639,46172
ES38,571821,38,7396710,46171
ES38,571858,57,7396745,46171
SA25,572074,96,7397372,46172
SA25,572119,43,7397687,46172
SA25,572130,64,7397728,46172
SA25,572161,69,7397815,46172
SA25,572237,56,7398212,46172
SA25,572239,99,7398245,46172
SA25,572273,40,7398376,46172
SA25,569807,56,7398701,46172
SA25,569893,83,7398846,46172
SA25,570023,63,7399014,46172
ES38,570064,21,7399072,46171
SA25,570151,32,7399179,46172
SA25,570443,21,7399267,46172
SA25,570471,67,7399345,46172
SA25,570521,39,7399399,46172
SA25,570522,76,7399413,46172
ES38,570529,24,7399442,46171
SA25,570545,93,7399485,46172
ES38,570547,57,7399497,46171
SA25,570575,37,7399541,46172
SA25,570576,66,7399548,46172
SA25,570589,56,7399578,46172
SA25,570613,111,7399636,46172
SA25,570613,112,7399637,46172
ES38,570615,56,7399645,46171
ES38,570616,63,7399653,46171
SA25,570649,52,7399712,46172
ES38,570714,41,7399829,46171
SA25,570714,44,7399832,46172
ES38,570723,66,7399875,46171
ES38,570758,81,7399966,46171
SA25,570812,83,7400091,46172
ES38,570881,32,7400337,46171
ES38,570937,36,7400442,46171
ES38,570937,40,7400446,46171
ES38,570939,135,7400458,46171
ES38,570939,137,7400460,46171
ES38,570939,144,7400467,46171
SA25,570942,52,7400491,46172
SA25,568431,40,7400579,46172
ES38,568459,64,7400602,46171
SA25,568487,34,7400624,46172
ES38,568517,38,7400679,46171
SA25,568540,16,7400700,46172
SA25,568590,20,7400738,46172
SA25,568608,50,7400748,46172
ES38,568630,33,7400769,46171
ES38,568630,35,7400771,46171
ES37,343585,179,7694609,45328
ES34,516361,518,7806808,42576
